datum,messstelle,pegel_m,aenderung_seit_start_m
2025-03-01,gwm21-23-op,32.124,0.0
2025-03-02,gwm21-23-op,32.107,-0.017
2025-03-04,gwm21-23-op,32.121,-0.003
2025-03-05,gwm21-23-op,32.124,0.0
2025-03-06,gwm21-23-op,32.125,0.001
2025-03-07,gwm21-23-op,32.13,0.006
2025-03-09,gwm21-23-op,32.134,0.01
2025-03-10,gwm21-23-op,32.151,0.027
2025-03-11,gwm21-23-op,32.157000000000004,0.033
2025-03-12,gwm21-23-op,32.15,0.026
2025-03-13,gwm21-23-op,32.148,0.024
2025-03-14,gwm21-23-op,32.151,0.027
2025-03-15,gwm21-23-op,32.125,0.001
2025-03-16,gwm21-23-op,32.101,-0.023
2025-03-17,gwm21-23-op,32.108000000000004,-0.016
2025-03-18,gwm21-23-op,32.081,-0.043
2025-03-19,gwm21-23-op,32.086,-0.038
2025-03-20,gwm21-23-op,32.097,-0.027
2025-03-21,gwm21-23-op,32.106,-0.018
2025-03-22,gwm21-23-op,32.108000000000004,-0.016
2025-03-23,gwm21-23-op,32.122,-0.002
2025-03-24,gwm21-23-op,32.127,0.003
2025-03-25,gwm21-23-op,32.109,-0.015
2025-03-26,gwm21-23-op,32.1,-0.024
2025-03-27,gwm21-23-op,32.093,-0.031
2025-03-28,gwm21-23-op,32.089,-0.035
2025-03-29,gwm21-23-op,32.113,-0.011
2025-03-30,gwm21-23-op,32.099000000000004,-0.025
2025-03-31,gwm21-23-op,32.117000000000004,-0.007
2025-04-01,gwm21-23-op,32.074,-0.05
2025-04-02,gwm21-23-op,32.071,-0.053
2025-04-03,gwm21-23-op,32.076,-0.048
2025-04-04,gwm21-23-op,32.077,-0.047
2025-04-05,gwm21-23-op,32.094,-0.03
2025-04-06,gwm21-23-op,32.088,-0.036
2025-04-07,gwm21-23-op,32.074,-0.05
2025-04-08,gwm21-23-op,32.076,-0.048
2025-04-09,gwm21-23-op,32.07,-0.054
2025-04-10,gwm21-23-op,32.085,-0.039
2025-04-11,gwm21-23-op,32.078,-0.046
2025-04-12,gwm21-23-op,32.09,-0.034
2025-04-13,gwm21-23-op,32.092,-0.032
2025-04-14,gwm21-23-op,32.108000000000004,-0.016
2025-04-15,gwm21-23-op,32.087,-0.037
2025-04-16,gwm21-23-op,32.104,-0.02
2025-04-17,gwm21-23-op,32.083,-0.041
2025-04-18,gwm21-23-op,32.09,-0.034
2025-04-19,gwm21-23-op,32.072,-0.052
2025-04-20,gwm21-23-op,32.072,-0.052
2025-04-21,gwm21-23-op,32.081,-0.043
2025-04-22,gwm21-23-op,32.066,-0.058
2025-04-23,gwm21-23-op,32.06,-0.064
2025-04-24,gwm21-23-op,32.067,-0.057
2025-04-25,gwm21-23-op,32.068,-0.056
2025-04-26,gwm21-23-op,32.057,-0.067
2025-04-27,gwm21-23-op,32.054,-0.07
2025-04-28,gwm21-23-op,32.055,-0.069
2025-04-29,gwm21-23-op,32.061,-0.063
2025-04-30,gwm21-23-op,32.062,-0.062
2025-05-02,gwm21-23-op,32.064,-0.06
2025-05-03,gwm21-23-op,32.08,-0.044
2025-05-04,gwm21-23-op,32.082,-0.042
2025-05-05,gwm21-23-op,32.069,-0.055
2025-05-06,gwm21-23-op,32.052,-0.072
2025-05-07,gwm21-23-op,32.057,-0.067
2025-05-08,gwm21-23-op,32.050000000000004,-0.074
2025-05-09,gwm21-23-op,32.051,-0.073
2025-05-10,gwm21-23-op,32.047000000000004,-0.077
2025-05-11,gwm21-23-op,32.045,-0.079
2025-05-12,gwm21-23-op,32.050000000000004,-0.074
2025-05-13,gwm21-23-op,32.048,-0.076
2025-05-14,gwm21-23-op,32.047000000000004,-0.077
2025-05-15,gwm21-23-op,32.06,-0.064
2025-05-16,gwm21-23-op,32.041000000000004,-0.083
2025-05-17,gwm21-23-op,32.047000000000004,-0.077
2025-05-18,gwm21-23-op,32.045,-0.079
2025-05-19,gwm21-23-op,32.045,-0.079
2025-05-20,gwm21-23-op,32.033,-0.091
2025-05-21,gwm21-23-op,32.044000000000004,-0.08
2025-05-22,gwm21-23-op,32.052,-0.072
2025-05-23,gwm21-23-op,32.052,-0.072
2025-05-24,gwm21-23-op,32.04,-0.084
2025-05-25,gwm21-23-op,32.039,-0.085
2025-05-26,gwm21-23-op,32.047000000000004,-0.077
2025-05-27,gwm21-23-op,32.034,-0.09
2025-05-28,gwm21-23-op,32.033,-0.091
2025-05-29,gwm21-23-op,32.045,-0.079
2025-05-30,gwm21-23-op,32.03,-0.094
2025-05-31,gwm21-23-op,32.033,-0.091
2025-06-01,gwm21-23-op,32.029,-0.095
2025-06-02,gwm21-23-op,32.041000000000004,-0.083
2025-06-03,gwm21-23-op,32.028,-0.096
2025-06-05,gwm21-23-op,32.035000000000004,-0.089
2025-06-06,gwm21-23-op,32.024,-0.1
2025-06-07,gwm21-23-op,32.024,-0.1
2025-06-08,gwm21-23-op,32.025,-0.099
2025-06-09,gwm21-23-op,32.029,-0.095
2025-06-10,gwm21-23-op,32.010000000000005,-0.114
2025-06-11,gwm21-23-op,32.034,-0.09
2025-06-12,gwm21-23-op,32.011,-0.113
2025-06-13,gwm21-23-op,32.010000000000005,-0.114
2025-06-14,gwm21-23-op,32.007000000000005,-0.117
2025-06-15,gwm21-23-op,32.016000000000005,-0.108
2025-06-16,gwm21-23-op,32.02,-0.104
2025-06-17,gwm21-23-op,32.0,-0.124
2025-06-18,gwm21-23-op,32.002,-0.122
2025-06-19,gwm21-23-op,32.003,-0.121
2025-06-20,gwm21-23-op,31.995,-0.129
2025-06-21,gwm21-23-op,31.993,-0.131
2025-06-22,gwm21-23-op,31.998,-0.126
2025-06-23,gwm21-23-op,32.007000000000005,-0.117
2025-06-24,gwm21-23-op,32.018,-0.106
2025-06-25,gwm21-23-op,31.997,-0.127
2025-06-26,gwm21-23-op,31.99,-0.134
2025-06-27,gwm21-23-op,31.996,-0.128
2025-06-28,gwm21-23-op,31.979,-0.145
2025-06-29,gwm21-23-op,31.983,-0.141
2025-06-30,gwm21-23-op,31.979,-0.145
2025-07-01,gwm21-23-op,31.976000000000003,-0.148
2025-07-02,gwm21-23-op,31.975,-0.149
2025-07-03,gwm21-23-op,31.979,-0.145
2025-07-04,gwm21-23-op,31.964,-0.16
2025-07-05,gwm21-23-op,31.963,-0.161
2025-07-06,gwm21-23-op,31.981,-0.143
2025-07-07,gwm21-23-op,31.987,-0.137
2025-07-08,gwm21-23-op,31.985,-0.139
2025-07-09,gwm21-23-op,31.961,-0.163
2025-07-10,gwm21-23-op,31.957,-0.167
2025-07-11,gwm21-23-op,31.954,-0.17
2025-07-12,gwm21-23-op,31.961,-0.163
2025-07-13,gwm21-23-op,31.971000000000004,-0.153
2025-07-14,gwm21-23-op,31.965000000000003,-0.159
2025-07-15,gwm21-23-op,31.955,-0.169
2025-07-16,gwm21-23-op,31.954,-0.17
2025-07-17,gwm21-23-op,31.962000000000003,-0.162
2025-07-18,gwm21-23-op,31.953000000000003,-0.171
2025-07-19,gwm21-23-op,31.951,-0.173
2025-07-20,gwm21-23-op,31.955,-0.169
2025-07-21,gwm21-23-op,31.959000000000003,-0.165
2025-07-22,gwm21-23-op,31.952,-0.172
2025-07-23,gwm21-23-op,31.962000000000003,-0.162
2025-07-24,gwm21-23-op,31.981,-0.143
2025-07-25,gwm21-23-op,31.985,-0.139
2025-07-26,gwm21-23-op,31.982,-0.142
2025-07-27,gwm21-23-op,31.979,-0.145
2025-07-28,gwm21-23-op,31.989,-0.135
2025-07-29,gwm21-23-op,31.984,-0.14
2025-07-30,gwm21-23-op,31.978,-0.146
2025-07-31,gwm21-23-op,31.974,-0.15
2025-08-01,gwm21-23-op,31.979,-0.145
2025-08-02,gwm21-23-op,31.984,-0.14
2025-08-03,gwm21-23-op,31.981,-0.143
2025-08-04,gwm21-23-op,31.97,-0.154
2025-08-05,gwm21-23-op,31.971000000000004,-0.153
2025-08-06,gwm21-23-op,31.971000000000004,-0.153
2025-08-10,gwm21-23-op,31.962000000000003,-0.162
2025-08-13,gwm21-23-op,31.96,-0.164
2025-08-14,gwm21-23-op,31.962000000000003,-0.162
2025-08-15,gwm21-23-op,31.952,-0.172
2025-08-16,gwm21-23-op,31.953000000000003,-0.171
2025-08-17,gwm21-23-op,31.947000000000003,-0.177
2025-08-18,gwm21-23-op,31.945,-0.179
2025-08-19,gwm21-23-op,31.949,-0.175
2025-08-20,gwm21-23-op,31.962000000000003,-0.162
2025-08-21,gwm21-23-op,31.964,-0.16
2025-08-22,gwm21-23-op,31.958,-0.166
2025-08-23,gwm21-23-op,31.94,-0.184
2025-08-24,gwm21-23-op,31.94,-0.184
2025-08-25,gwm21-23-op,31.937,-0.187
2025-08-26,gwm21-23-op,31.938,-0.186
2025-08-27,gwm21-23-op,31.941000000000003,-0.183
2025-08-28,gwm21-23-op,31.946,-0.178
2025-08-29,gwm21-23-op,31.946,-0.178
2025-08-30,gwm21-23-op,31.942,-0.182
2025-08-31,gwm21-23-op,31.931,-0.193
2025-09-01,gwm21-23-op,31.929,-0.195
2025-09-02,gwm21-23-op,31.933,-0.191
2025-09-03,gwm21-23-op,31.928,-0.196
2025-09-04,gwm21-23-op,31.926,-0.198
2025-09-05,gwm21-23-op,31.923,-0.201
2025-09-06,gwm21-23-op,31.916,-0.208
2025-09-07,gwm21-23-op,31.912000000000003,-0.212
2025-09-08,gwm21-23-op,31.916,-0.208
2025-09-09,gwm21-23-op,31.92,-0.204
2025-09-10,gwm21-23-op,31.921,-0.203
2025-09-11,gwm21-23-op,31.924,-0.2
2025-09-12,gwm21-23-op,31.922,-0.202
2025-09-13,gwm21-23-op,31.906,-0.218
2025-09-14,gwm21-23-op,31.91,-0.214
2025-09-15,gwm21-23-op,31.912000000000003,-0.212
2025-09-16,gwm21-23-op,31.916,-0.208
2025-09-17,gwm21-23-op,31.903,-0.221
2025-09-18,gwm21-23-op,31.899,-0.225
2025-09-19,gwm21-23-op,31.9,-0.224
2025-09-20,gwm21-23-op,31.895000000000003,-0.229
2025-09-21,gwm21-23-op,31.91,-0.214
2025-09-22,gwm21-23-op,31.908,-0.216
2025-09-23,gwm21-23-op,31.888,-0.236
2025-09-24,gwm21-23-op,31.886000000000003,-0.238
2025-09-25,gwm21-23-op,31.886000000000003,-0.238
2025-09-26,gwm21-23-op,31.885,-0.239
2025-09-27,gwm21-23-op,31.883000000000003,-0.241
2025-09-28,gwm21-23-op,31.882,-0.242
2025-09-29,gwm21-23-op,31.880000000000003,-0.244
2025-09-30,gwm21-23-op,31.879,-0.245
2025-10-01,gwm21-23-op,31.872,-0.252
2025-10-02,gwm21-23-op,31.868,-0.256
2025-10-03,gwm21-23-op,31.871,-0.253
2025-10-04,gwm21-23-op,31.879,-0.245
2025-10-05,gwm21-23-op,31.918,-0.206
2025-10-06,gwm21-23-op,31.89,-0.234
2025-10-07,gwm21-23-op,31.869,-0.255
2025-10-08,gwm21-23-op,31.862,-0.262
2025-10-09,gwm21-23-op,31.865,-0.259
2025-10-10,gwm21-23-op,31.859,-0.265
2025-10-11,gwm21-23-op,31.853,-0.271
2025-10-12,gwm21-23-op,31.854,-0.27
2025-10-13,gwm21-23-op,31.858,-0.266
2025-10-14,gwm21-23-op,31.853,-0.271
2025-10-15,gwm21-23-op,31.856,-0.268
2025-10-16,gwm21-23-op,31.851000000000003,-0.273
2025-10-17,gwm21-23-op,31.854,-0.27
2025-10-18,gwm21-23-op,31.85,-0.274
2025-10-19,gwm21-23-op,31.843000000000004,-0.281
2025-10-20,gwm21-23-op,31.856,-0.268
2025-10-21,gwm21-23-op,31.874,-0.25
2025-10-22,gwm21-23-op,31.878,-0.246
2025-10-23,gwm21-23-op,31.867,-0.257
2025-10-24,gwm21-23-op,31.887,-0.237
2025-10-25,gwm21-23-op,31.855,-0.269
2025-10-26,gwm21-23-op,31.858,-0.266
2025-10-27,gwm21-23-op,31.86,-0.264
2025-10-28,gwm21-23-op,31.853,-0.271
2025-10-29,gwm21-23-op,31.846000000000004,-0.278
2025-10-30,gwm21-23-op,31.836,-0.288
2025-10-31,gwm21-23-op,31.832,-0.292
2025-11-01,gwm21-23-op,31.83,-0.294
2025-11-02,gwm21-23-op,31.836,-0.288
2025-11-04,gwm21-23-op,31.824,-0.3
2025-11-05,gwm21-23-op,31.822000000000003,-0.302
2025-11-06,gwm21-23-op,31.826,-0.298
2025-11-07,gwm21-23-op,31.834000000000003,-0.29
2025-11-08,gwm21-23-op,31.832,-0.292
2025-11-09,gwm21-23-op,31.823,-0.301
2025-11-10,gwm21-23-op,31.821,-0.303
2025-11-11,gwm21-23-op,31.822000000000003,-0.302
2025-11-12,gwm21-23-op,31.819000000000003,-0.305
2025-11-13,gwm21-23-op,31.822000000000003,-0.302
2025-11-14,gwm21-23-op,31.825000000000003,-0.299
2025-11-15,gwm21-23-op,31.828000000000003,-0.296
2025-11-16,gwm21-23-op,31.82,-0.304
2025-11-17,gwm21-23-op,31.837000000000003,-0.287
2025-11-18,gwm21-23-op,31.831000000000003,-0.293
2025-11-19,gwm21-23-op,31.818,-0.306
2025-11-20,gwm21-23-op,31.833,-0.291
2025-11-21,gwm21-23-op,31.831000000000003,-0.293
2025-11-22,gwm21-23-op,31.809,-0.315
2025-11-23,gwm21-23-op,31.81,-0.314
2025-11-24,gwm21-23-op,31.831000000000003,-0.293
2025-11-25,gwm21-23-op,31.852,-0.272
2025-11-26,gwm21-23-op,31.832,-0.292
2025-11-27,gwm21-23-op,31.812,-0.312
2025-11-28,gwm21-23-op,31.809,-0.315
2025-11-29,gwm21-23-op,31.815,-0.309
2025-11-30,gwm21-23-op,31.82,-0.304
2025-12-01,gwm21-23-op,31.82,-0.304
2025-12-02,gwm21-23-op,31.807,-0.317
2025-12-03,gwm21-23-op,31.812,-0.312
2025-12-04,gwm21-23-op,31.81,-0.314
2025-12-05,gwm21-23-op,31.815,-0.309
2025-12-06,gwm21-23-op,31.811,-0.313
2025-12-07,gwm21-23-op,31.817,-0.307
2025-12-08,gwm21-23-op,31.809,-0.315
2025-12-09,gwm21-23-op,31.803,-0.321
2025-12-10,gwm21-23-op,31.804,-0.32
2025-12-11,gwm21-23-op,31.799,-0.325
2025-12-12,gwm21-23-op,31.798,-0.326
2025-12-13,gwm21-23-op,31.797,-0.327
2025-12-14,gwm21-23-op,31.797,-0.327
2025-12-15,gwm21-23-op,31.799,-0.325
2025-12-16,gwm21-23-op,31.811,-0.313
2025-12-17,gwm21-23-op,31.809,-0.315
2025-12-18,gwm21-23-op,31.806,-0.318
2025-12-19,gwm21-23-op,31.8,-0.324
2025-12-20,gwm21-23-op,31.803,-0.321
2025-12-21,gwm21-23-op,31.798,-0.326
2025-12-22,gwm21-23-op,31.8,-0.324
2025-12-23,gwm21-23-op,31.798,-0.326
2025-12-24,gwm21-23-op,31.792,-0.332
2025-12-25,gwm21-23-op,31.785,-0.339
2025-12-26,gwm21-23-op,31.787000000000003,-0.337
2025-12-27,gwm21-23-op,31.791,-0.333
2025-12-28,gwm21-23-op,31.803,-0.321
2025-12-29,gwm21-23-op,31.795,-0.329
2025-12-30,gwm21-23-op,31.814,-0.31
2025-12-31,gwm21-23-op,31.801,-0.323
2026-01-01,gwm21-23-op,31.815,-0.309
2026-01-02,gwm21-23-op,31.839,-0.285
2026-01-03,gwm21-23-op,31.840000000000003,-0.284
2026-01-04,gwm21-23-op,31.823,-0.301
2026-01-05,gwm21-23-op,31.805,-0.319
2026-01-06,gwm21-23-op,31.791,-0.333
2026-01-07,gwm21-23-op,31.787000000000003,-0.337
2026-01-08,gwm21-23-op,31.790000000000003,-0.334
2026-01-09,gwm21-23-op,31.794,-0.33
2026-01-10,gwm21-23-op,31.809,-0.315
2026-01-11,gwm21-23-op,31.783,-0.341
2026-01-12,gwm21-23-op,31.775,-0.349
2026-01-13,gwm21-23-op,31.795,-0.329
2026-01-14,gwm21-23-op,31.788,-0.336
2026-01-15,gwm21-23-op,31.787000000000003,-0.337
2026-01-16,gwm21-23-op,31.787000000000003,-0.337
2026-01-17,gwm21-23-op,31.779000000000003,-0.345
2026-01-18,gwm21-23-op,31.774,-0.35
2026-01-19,gwm21-23-op,31.777,-0.347
2026-01-20,gwm21-23-op,31.779000000000003,-0.345
2026-01-21,gwm21-23-op,31.783,-0.341
2026-01-22,gwm21-23-op,31.803,-0.321
2026-01-23,gwm21-23-op,31.807,-0.317
2026-01-24,gwm21-23-op,31.796,-0.328
2026-01-25,gwm21-23-op,31.791,-0.333
2026-01-26,gwm21-23-op,31.795,-0.329
2026-01-27,gwm21-23-op,31.803,-0.321
2026-01-28,gwm21-23-op,31.789,-0.335
2026-01-29,gwm21-23-op,31.791,-0.333
2026-01-30,gwm21-23-op,31.781,-0.343
2026-01-31,gwm21-23-op,31.778,-0.346
2026-02-01,gwm21-23-op,31.768,-0.356
2026-02-02,gwm21-23-op,31.767000000000003,-0.357
2026-02-03,gwm21-23-op,31.773000000000003,-0.351
2026-02-04,gwm21-23-op,31.776000000000003,-0.348
2026-02-05,gwm21-23-op,31.778,-0.346
2026-02-07,gwm21-23-op,31.788,-0.336
2026-02-08,gwm21-23-op,31.768,-0.356
2026-02-09,gwm21-23-op,31.763,-0.361
2026-02-10,gwm21-23-op,31.767000000000003,-0.357
2026-02-11,gwm21-23-op,31.787000000000003,-0.337
2026-02-12,gwm21-23-op,31.806,-0.318
2026-02-13,gwm21-23-op,31.812,-0.312
2026-02-14,gwm21-23-op,31.788,-0.336
2026-02-15,gwm21-23-op,31.765,-0.359
2026-02-16,gwm21-23-op,31.768,-0.356
2026-02-17,gwm21-23-op,31.802,-0.322
2026-02-18,gwm21-23-op,31.789,-0.335
2026-02-19,gwm21-23-op,31.773000000000003,-0.351
2026-02-20,gwm21-23-op,31.777,-0.347
2026-02-21,gwm21-23-op,31.763,-0.361
2026-02-22,gwm21-23-op,31.778,-0.346
2026-02-23,gwm21-23-op,31.788,-0.336
2026-02-24,gwm21-23-op,31.793,-0.331
2026-02-25,gwm21-23-op,31.779000000000003,-0.345
2026-02-26,gwm21-23-op,31.782000000000004,-0.342
2026-02-27,gwm21-23-op,31.796,-0.328
2026-02-28,gwm21-23-op,31.805,-0.319
2026-03-01,gwm21-23-op,31.807,-0.317
2026-03-02,gwm21-23-op,31.799,-0.325
2026-03-03,gwm21-23-op,31.803,-0.321
2026-03-04,gwm21-23-op,31.803,-0.321
2026-03-05,gwm21-23-op,31.802,-0.322
2026-03-06,gwm21-23-op,31.809,-0.315
2026-03-07,gwm21-23-op,31.815,-0.309
2026-03-08,gwm21-23-op,31.813,-0.311
2026-03-09,gwm21-23-op,31.813,-0.311
2026-03-10,gwm21-23-op,31.823,-0.301
2026-03-11,gwm21-23-op,31.83,-0.294
2026-03-12,gwm21-23-op,31.834000000000003,-0.29
2026-03-13,gwm21-23-op,31.823,-0.301
2026-03-14,gwm21-23-op,31.844,-0.28
2026-03-15,gwm21-23-op,31.849,-0.275
2026-03-16,gwm21-23-op,31.826,-0.298
2026-03-17,gwm21-23-op,31.834000000000003,-0.29
2026-03-18,gwm21-23-op,31.816000000000003,-0.308
2026-03-19,gwm21-23-op,31.811,-0.313
2026-03-20,gwm21-23-op,31.822000000000003,-0.302
2026-03-21,gwm21-23-op,31.828000000000003,-0.296
2026-03-22,gwm21-23-op,31.828000000000003,-0.296
2026-03-23,gwm21-23-op,31.832,-0.292
2026-03-24,gwm21-23-op,31.832,-0.292
2026-03-25,gwm21-23-op,31.836,-0.288
2026-03-26,gwm21-23-op,31.857,-0.267
2026-03-27,gwm21-23-op,31.836,-0.288
2026-03-28,gwm21-23-op,31.821,-0.303
2026-03-29,gwm21-23-op,31.832,-0.292
2026-03-30,gwm21-23-op,31.817,-0.307
2026-04-01,gwm21-23-op,31.822000000000003,-0.302
2026-04-02,gwm21-23-op,31.819000000000003,-0.305
2026-04-03,gwm21-23-op,31.834000000000003,-0.29
2026-04-04,gwm21-23-op,31.832,-0.292
2026-04-05,gwm21-23-op,31.828000000000003,-0.296
2026-04-06,gwm21-23-op,31.836,-0.288
2026-04-07,gwm21-23-op,31.819000000000003,-0.305
2026-04-08,gwm21-23-op,31.818,-0.306
2026-04-09,gwm21-23-op,31.815,-0.309
2026-04-10,gwm21-23-op,31.824,-0.3
2026-04-11,gwm21-23-op,31.83,-0.294
2026-04-12,gwm21-23-op,31.831000000000003,-0.293
2026-04-13,gwm21-23-op,31.83,-0.294
2026-04-14,gwm21-23-op,31.836,-0.288
2026-04-15,gwm21-23-op,31.827,-0.297
2026-04-16,gwm21-23-op,31.822000000000003,-0.302
2026-04-17,gwm21-23-op,31.826,-0.298
2026-04-18,gwm21-23-op,31.822000000000003,-0.302
2026-04-19,gwm21-23-op,31.827,-0.297
2026-04-20,gwm21-23-op,31.834000000000003,-0.29
2026-04-21,gwm21-23-op,31.835,-0.289
2026-04-23,gwm21-23-op,31.849,-0.275
2026-04-24,gwm21-23-op,31.854,-0.27
2026-04-25,gwm21-23-op,31.862,-0.262
2026-04-26,gwm21-23-op,31.868,-0.256
2026-04-28,gwm21-23-op,31.858,-0.266
2026-04-29,gwm21-23-op,31.854,-0.27
2026-04-30,gwm21-23-op,31.85,-0.274
2026-05-01,gwm21-23-op,31.853,-0.271
2026-05-02,gwm21-23-op,31.858,-0.266
2026-05-03,gwm21-23-op,31.869,-0.255
2026-05-05,gwm21-23-op,31.873,-0.251
2026-05-06,gwm21-23-op,31.878,-0.246
2026-05-07,gwm21-23-op,31.876,-0.248
2026-05-08,gwm21-23-op,31.868,-0.256
2026-05-09,gwm21-23-op,31.866,-0.258
2026-05-10,gwm21-23-op,31.87,-0.254
2026-05-12,gwm21-23-op,31.896,-0.228
2026-05-13,gwm21-23-op,31.884,-0.24
2026-05-14,gwm21-23-op,31.893,-0.231
2026-05-15,gwm21-23-op,31.896,-0.228
2026-05-16,gwm21-23-op,31.892000000000003,-0.232
2026-05-17,gwm21-23-op,31.883000000000003,-0.241
2026-05-19,gwm21-23-op,31.880000000000003,-0.244
2026-05-20,gwm21-23-op,31.877,-0.247
2026-05-21,gwm21-23-op,31.874,-0.25
2026-05-22,gwm21-23-op,31.869,-0.255
2026-05-23,gwm21-23-op,31.867,-0.257
2026-05-24,gwm21-23-op,31.872,-0.252
2026-05-26,gwm21-23-op,31.869,-0.255
2026-05-27,gwm21-23-op,31.878,-0.246
2026-05-28,gwm21-23-op,31.881,-0.243
2026-05-29,gwm21-23-op,31.879,-0.245
2026-05-30,gwm21-23-op,31.882,-0.242
2026-05-31,gwm21-23-op,31.887,-0.237
2026-06-02,gwm21-23-op,31.888,-0.236
2026-06-03,gwm21-23-op,31.897,-0.227
2026-06-04,gwm21-23-op,31.893,-0.231
2026-06-05,gwm21-23-op,31.898000000000003,-0.226
2026-06-06,gwm21-23-op,31.886000000000003,-0.238
2026-06-07,gwm21-23-op,31.882,-0.242
2026-06-08,gwm21-23-op,31.876,-0.248
2026-06-09,gwm21-23-op,31.880000000000003,-0.244
2026-06-10,gwm21-23-op,31.884,-0.24
2026-06-11,gwm21-23-op,31.880000000000003,-0.244
2026-06-12,gwm21-23-op,31.876,-0.248
2026-06-13,gwm21-23-op,31.876,-0.248
2026-06-14,gwm21-23-op,31.884,-0.24
2026-06-16,gwm21-23-op,31.883000000000003,-0.241
2026-06-17,gwm21-23-op,31.876,-0.248
2026-06-18,gwm21-23-op,31.868,-0.256
2026-06-19,gwm21-23-op,31.866,-0.258
2026-06-20,gwm21-23-op,31.868,-0.256
2026-06-21,gwm21-23-op,31.86,-0.264
2026-06-23,gwm21-23-op,31.858,-0.266
2026-06-25,gwm21-23-op,31.866,-0.258
2026-06-26,gwm21-23-op,31.866,-0.258
2026-06-27,gwm21-23-op,31.86,-0.264
2026-06-28,gwm21-23-op,31.862,-0.262
2026-06-30,gwm21-23-op,31.846000000000004,-0.278
2026-07-01,gwm21-23-op,31.846000000000004,-0.278
2026-07-02,gwm21-23-op,31.848000000000003,-0.276
2026-07-03,gwm21-23-op,31.85,-0.274
2026-07-04,gwm21-23-op,31.838,-0.286
2026-07-05,gwm21-23-op,31.836,-0.288
2026-07-07,gwm21-23-op,31.847,-0.277
2026-07-08,gwm21-23-op,31.853,-0.271
2026-07-09,gwm21-23-op,31.838,-0.286
2026-07-10,gwm21-23-op,31.834000000000003,-0.29
2026-07-11,gwm21-23-op,31.83,-0.294
2026-07-12,gwm21-23-op,31.824,-0.3
2026-07-13,gwm21-23-op,31.822000000000003,-0.302
2026-07-14,gwm21-23-op,31.819000000000003,-0.305
2026-07-15,gwm21-23-op,31.817,-0.307
2026-07-16,gwm21-23-op,31.812,-0.312
2026-07-17,gwm21-23-op,31.815,-0.309
2026-07-18,gwm21-23-op,31.827,-0.297
2026-07-19,gwm21-23-op,31.819000000000003,-0.305
2026-07-20,gwm21-23-op,31.811,-0.313
2026-07-21,gwm21-23-op,31.807,-0.317
2026-07-22,gwm21-23-op,31.803,-0.321
2026-07-23,gwm21-23-op,31.808,-0.316
2026-07-24,gwm21-23-op,31.802,-0.322
2026-07-25,gwm21-23-op,31.803,-0.321
2026-07-26,gwm21-23-op,31.818,-0.306
2026-07-27,gwm21-23-op,31.818,-0.306
2026-07-28,gwm21-23-op,31.797,-0.327
2026-07-29,gwm21-23-op,31.786,-0.338
2026-07-30,gwm21-23-op,31.791,-0.333
2026-07-31,gwm21-23-op,31.799,-0.325
2026-08-01,gwm21-23-op,31.794,-0.33
2026-08-02,gwm21-23-op,31.784,-0.34
2026-08-03,gwm21-23-op,31.783,-0.341
2026-08-04,gwm21-23-op,31.792,-0.332
2026-08-05,gwm21-23-op,31.793,-0.331
2026-08-06,gwm21-23-op,31.791,-0.333
2026-08-07,gwm21-23-op,31.785,-0.339
2026-08-08,gwm21-23-op,31.78,-0.344
2026-08-09,gwm21-23-op,31.779000000000003,-0.345
2026-08-10,gwm21-23-op,31.793,-0.331
2026-08-11,gwm21-23-op,31.793,-0.331
2026-08-12,gwm21-23-op,31.773000000000003,-0.351
2026-08-13,gwm21-23-op,31.769,-0.355
2026-08-14,gwm21-23-op,31.771,-0.353
2026-08-15,gwm21-23-op,31.783,-0.341
2026-08-16,gwm21-23-op,31.789,-0.335
2026-08-17,gwm21-23-op,31.776000000000003,-0.348
2026-08-18,gwm21-23-op,31.782000000000004,-0.342
2026-08-19,gwm21-23-op,31.785,-0.339
2026-08-20,gwm21-23-op,31.788,-0.336
2026-08-21,gwm21-23-op,31.778,-0.346
2026-08-22,gwm21-23-op,31.775,-0.349
2026-08-23,gwm21-23-op,31.767000000000003,-0.357
2026-08-24,gwm21-23-op,31.761000000000003,-0.363
2026-08-25,gwm21-23-op,31.758000000000003,-0.366
2026-08-26,gwm21-23-op,31.766,-0.358
2026-08-27,gwm21-23-op,31.757,-0.367
2026-08-28,gwm21-23-op,31.762,-0.362
2026-08-29,gwm21-23-op,31.771,-0.353
2026-08-30,gwm21-23-op,31.764000000000003,-0.36
2026-08-31,gwm21-23-op,31.763,-0.361
2026-09-01,gwm21-23-op,31.758000000000003,-0.366
2026-09-02,gwm21-23-op,31.752,-0.372
2026-09-03,gwm21-23-op,31.751,-0.373
2026-09-04,gwm21-23-op,31.757,-0.367
2026-09-05,gwm21-23-op,31.769,-0.355
2026-09-06,gwm21-23-op,31.749,-0.375
2026-09-07,gwm21-23-op,31.742,-0.382
2026-09-08,gwm21-23-op,31.75,-0.374
2026-09-09,gwm21-23-op,31.767000000000003,-0.357
2026-09-10,gwm21-23-op,31.756,-0.368
2026-09-11,gwm21-23-op,31.739,-0.385
2026-09-12,gwm21-23-op,31.74,-0.384
2026-09-13,gwm21-23-op,31.737,-0.387
2026-09-14,gwm21-23-op,31.74,-0.384
2026-09-15,gwm21-23-op,31.733,-0.391
2026-09-16,gwm21-23-op,31.743,-0.381
2026-09-17,gwm21-23-op,31.745,-0.379
2026-09-18,gwm21-23-op,31.741,-0.383
2026-09-19,gwm21-23-op,31.737,-0.387
2026-09-20,gwm21-23-op,31.731,-0.393
2026-09-21,gwm21-23-op,31.733,-0.391
2026-09-22,gwm21-23-op,31.726000000000003,-0.398
2025-03-01,gwm29-22a-mp,29.611,0.0
2025-03-02,gwm29-22a-mp,29.595,-0.016
2025-03-03,gwm29-22a-mp,29.598,-0.013
2025-03-04,gwm29-22a-mp,29.612,0.001
2025-03-05,gwm29-22a-mp,29.609,-0.002
2025-03-06,gwm29-22a-mp,29.607,-0.004
2025-03-07,gwm29-22a-mp,29.609,-0.002
2025-03-08,gwm29-22a-mp,29.6,-0.011
2025-03-09,gwm29-22a-mp,29.603,-0.008
2025-03-10,gwm29-22a-mp,29.623,0.012
2025-03-11,gwm29-22a-mp,29.624,0.013
2025-03-12,gwm29-22a-mp,29.607,-0.004
2025-03-13,gwm29-22a-mp,29.6,-0.011
2025-03-14,gwm29-22a-mp,29.6,-0.011
2025-03-15,gwm29-22a-mp,29.567,-0.044
2025-03-16,gwm29-22a-mp,29.547,-0.064
2025-03-17,gwm29-22a-mp,29.555,-0.056
2025-03-18,gwm29-22a-mp,29.527,-0.084
2025-03-19,gwm29-22a-mp,29.534,-0.077
2025-03-20,gwm29-22a-mp,29.541,-0.07
2025-03-21,gwm29-22a-mp,29.545,-0.066
2025-03-22,gwm29-22a-mp,29.542,-0.069
2025-03-23,gwm29-22a-mp,29.553,-0.058
2025-03-24,gwm29-22a-mp,29.552,-0.059
2025-03-25,gwm29-22a-mp,29.523,-0.088
2025-03-26,gwm29-22a-mp,29.514,-0.097
2025-03-27,gwm29-22a-mp,29.507,-0.104
2025-03-28,gwm29-22a-mp,29.506,-0.105
2025-03-29,gwm29-22a-mp,29.529,-0.082
2025-03-30,gwm29-22a-mp,29.502,-0.109
2025-03-31,gwm29-22a-mp,29.528,-0.083
2025-04-01,gwm29-22a-mp,29.477,-0.134
2025-04-02,gwm29-22a-mp,29.477,-0.134
2025-04-03,gwm29-22a-mp,29.482,-0.129
2025-04-04,gwm29-22a-mp,29.477,-0.134
2025-04-05,gwm29-22a-mp,29.489,-0.122
2025-04-06,gwm29-22a-mp,29.473,-0.138
2025-04-07,gwm29-22a-mp,29.465,-0.146
2025-04-08,gwm29-22a-mp,29.46,-0.151
2025-04-09,gwm29-22a-mp,29.455,-0.156
2025-04-10,gwm29-22a-mp,29.462,-0.149
2025-04-11,gwm29-22a-mp,29.449,-0.162
2025-04-12,gwm29-22a-mp,29.455,-0.156
2025-04-13,gwm29-22a-mp,29.452,-0.159
2025-04-14,gwm29-22a-mp,29.463,-0.148
2025-04-15,gwm29-22a-mp,29.436,-0.175
2025-04-16,gwm29-22a-mp,29.451,-0.16
2025-04-17,gwm29-22a-mp,29.426,-0.185
2025-04-18,gwm29-22a-mp,29.427,-0.184
2025-04-19,gwm29-22a-mp,29.411,-0.2
2025-04-20,gwm29-22a-mp,29.411,-0.2
2025-04-21,gwm29-22a-mp,29.415,-0.196
2025-04-22,gwm29-22a-mp,29.4,-0.211
2025-04-23,gwm29-22a-mp,29.391,-0.22
2025-04-24,gwm29-22a-mp,29.394,-0.217
2025-04-25,gwm29-22a-mp,29.389,-0.222
2025-04-26,gwm29-22a-mp,29.377,-0.234
2025-04-27,gwm29-22a-mp,29.37,-0.241
2025-04-28,gwm29-22a-mp,29.367,-0.244
2025-04-29,gwm29-22a-mp,29.365,-0.246
2025-04-30,gwm29-22a-mp,29.36,-0.251
2025-05-01,gwm29-22a-mp,29.358,-0.253
2025-05-02,gwm29-22a-mp,29.357,-0.254
2025-05-03,gwm29-22a-mp,29.363,-0.248
2025-05-04,gwm29-22a-mp,29.359,-0.252
2025-05-05,gwm29-22a-mp,29.339,-0.272
2025-05-06,gwm29-22a-mp,29.329,-0.282
2025-05-07,gwm29-22a-mp,29.332,-0.279
2025-05-08,gwm29-22a-mp,29.322,-0.289
2025-05-09,gwm29-22a-mp,29.318,-0.293
2025-05-10,gwm29-22a-mp,29.313,-0.298
2025-05-11,gwm29-22a-mp,29.306,-0.305
2025-05-13,gwm29-22a-mp,29.301,-0.31
2025-05-14,gwm29-22a-mp,29.298,-0.313
2025-05-15,gwm29-22a-mp,29.306,-0.305
2025-05-16,gwm29-22a-mp,29.28,-0.331
2025-05-17,gwm29-22a-mp,29.284,-0.327
2025-05-18,gwm29-22a-mp,29.28,-0.331
2025-05-19,gwm29-22a-mp,29.276,-0.335
2025-05-20,gwm29-22a-mp,29.264,-0.347
2025-05-21,gwm29-22a-mp,29.273,-0.338
2025-05-22,gwm29-22a-mp,29.278,-0.333
2025-05-23,gwm29-22a-mp,29.265,-0.346
2025-05-24,gwm29-22a-mp,29.253,-0.358
2025-05-25,gwm29-22a-mp,29.253,-0.358
2025-05-26,gwm29-22a-mp,29.257,-0.354
2025-05-27,gwm29-22a-mp,29.245,-0.366
2025-05-28,gwm29-22a-mp,29.243,-0.368
2025-05-29,gwm29-22a-mp,29.249,-0.362
2025-05-30,gwm29-22a-mp,29.236,-0.375
2025-05-31,gwm29-22a-mp,29.241,-0.37
2025-06-01,gwm29-22a-mp,29.24,-0.371
2025-06-02,gwm29-22a-mp,29.252,-0.359
2025-06-03,gwm29-22a-mp,29.236,-0.375
2025-06-04,gwm29-22a-mp,29.238,-0.373
2025-06-05,gwm29-22a-mp,29.243,-0.368
2025-06-06,gwm29-22a-mp,29.231,-0.38
2025-06-07,gwm29-22a-mp,29.228,-0.383
2025-06-08,gwm29-22a-mp,29.229,-0.382
2025-06-09,gwm29-22a-mp,29.231,-0.38
2025-06-10,gwm29-22a-mp,29.214,-0.397
2025-06-11,gwm29-22a-mp,29.245,-0.366
2025-06-12,gwm29-22a-mp,29.216,-0.395
2025-06-13,gwm29-22a-mp,29.218,-0.393
2025-06-14,gwm29-22a-mp,29.213,-0.398
2025-06-15,gwm29-22a-mp,29.226,-0.385
2025-06-16,gwm29-22a-mp,29.229,-0.382
2025-06-17,gwm29-22a-mp,29.206,-0.405
2025-06-18,gwm29-22a-mp,29.209,-0.402
2025-06-19,gwm29-22a-mp,29.21,-0.401
2025-06-20,gwm29-22a-mp,29.2,-0.411
2025-06-21,gwm29-22a-mp,29.201,-0.41
2025-06-22,gwm29-22a-mp,29.207,-0.404
2025-06-23,gwm29-22a-mp,29.217,-0.394
2025-06-24,gwm29-22a-mp,29.229,-0.382
2025-06-25,gwm29-22a-mp,29.202,-0.409
2025-06-26,gwm29-22a-mp,29.196,-0.415
2025-06-27,gwm29-22a-mp,29.207,-0.404
2025-06-28,gwm29-22a-mp,29.182,-0.429
2025-06-29,gwm29-22a-mp,29.189,-0.422
2025-06-30,gwm29-22a-mp,29.184,-0.427
2025-07-01,gwm29-22a-mp,29.181,-0.43
2025-07-02,gwm29-22a-mp,29.182,-0.429
2025-07-03,gwm29-22a-mp,29.182,-0.429
2025-07-04,gwm29-22a-mp,29.161,-0.45
2025-07-05,gwm29-22a-mp,29.164,-0.447
2025-07-06,gwm29-22a-mp,29.185,-0.426
2025-07-07,gwm29-22a-mp,29.186,-0.425
2025-07-08,gwm29-22a-mp,29.18,-0.431
2025-07-09,gwm29-22a-mp,29.155,-0.456
2025-07-10,gwm29-22a-mp,29.147,-0.464
2025-07-11,gwm29-22a-mp,29.145,-0.466
2025-07-12,gwm29-22a-mp,29.162,-0.449
2025-07-13,gwm29-22a-mp,29.169,-0.442
2025-07-14,gwm29-22a-mp,29.166,-0.445
2025-07-15,gwm29-22a-mp,29.162,-0.449
2025-07-16,gwm29-22a-mp,29.155,-0.456
2025-07-17,gwm29-22a-mp,29.169,-0.442
2025-07-18,gwm29-22a-mp,29.165,-0.446
2025-07-19,gwm29-22a-mp,29.161,-0.45
2025-07-20,gwm29-22a-mp,29.17,-0.441
2025-07-21,gwm29-22a-mp,29.178,-0.433
2025-07-22,gwm29-22a-mp,29.17,-0.441
2025-07-23,gwm29-22a-mp,29.181,-0.43
2025-07-24,gwm29-22a-mp,29.204,-0.407
2025-07-25,gwm29-22a-mp,29.219,-0.392
2025-07-26,gwm29-22a-mp,29.227,-0.384
2025-07-27,gwm29-22a-mp,29.233,-0.378
2025-07-28,gwm29-22a-mp,29.246,-0.365
2025-07-29,gwm29-22a-mp,29.244,-0.367
2025-07-30,gwm29-22a-mp,29.243,-0.368
2025-07-31,gwm29-22a-mp,29.245,-0.366
2025-08-01,gwm29-22a-mp,29.249,-0.362
2025-08-02,gwm29-22a-mp,29.256,-0.355
2025-08-03,gwm29-22a-mp,29.254,-0.357
2025-08-04,gwm29-22a-mp,29.25,-0.361
2025-08-05,gwm29-22a-mp,29.256,-0.355
2025-08-06,gwm29-22a-mp,29.258,-0.353
2025-08-09,gwm29-22a-mp,29.27,-0.341
2025-08-10,gwm29-22a-mp,29.271,-0.34
2025-08-12,gwm29-22a-mp,29.262,-0.349
2025-08-13,gwm29-22a-mp,29.271,-0.34
2025-08-14,gwm29-22a-mp,29.272,-0.339
2025-08-15,gwm29-22a-mp,29.263,-0.348
2025-08-16,gwm29-22a-mp,29.264,-0.347
2025-08-19,gwm29-22a-mp,29.252,-0.359
2025-08-22,gwm29-22a-mp,29.266,-0.345
2025-08-23,gwm29-22a-mp,29.25,-0.361
2025-08-24,gwm29-22a-mp,29.253,-0.358
2025-08-25,gwm29-22a-mp,29.248,-0.363
2025-08-26,gwm29-22a-mp,29.252,-0.359
2025-08-27,gwm29-22a-mp,29.258,-0.353
2025-08-28,gwm29-22a-mp,29.264,-0.347
2025-08-29,gwm29-22a-mp,29.265,-0.346
2025-08-30,gwm29-22a-mp,29.265,-0.346
2025-08-31,gwm29-22a-mp,29.254,-0.357
2025-09-01,gwm29-22a-mp,29.251,-0.36
2025-09-02,gwm29-22a-mp,29.26,-0.351
2025-09-03,gwm29-22a-mp,29.255,-0.356
2025-09-04,gwm29-22a-mp,29.256,-0.355
2025-09-05,gwm29-22a-mp,29.252,-0.359
2025-09-06,gwm29-22a-mp,29.236,-0.375
2025-09-07,gwm29-22a-mp,29.233,-0.378
2025-09-08,gwm29-22a-mp,29.244,-0.367
2025-09-09,gwm29-22a-mp,29.251,-0.36
2025-09-10,gwm29-22a-mp,29.258,-0.353
2025-09-11,gwm29-22a-mp,29.263,-0.348
2025-09-12,gwm29-22a-mp,29.262,-0.349
2025-09-13,gwm29-22a-mp,29.242,-0.369
2025-09-14,gwm29-22a-mp,29.247,-0.364
2025-09-15,gwm29-22a-mp,29.253,-0.358
2025-09-16,gwm29-22a-mp,29.264,-0.347
2025-09-17,gwm29-22a-mp,29.252,-0.359
2025-09-18,gwm29-22a-mp,29.24,-0.371
2025-09-19,gwm29-22a-mp,29.239,-0.372
2025-09-20,gwm29-22a-mp,29.234,-0.377
2025-09-21,gwm29-22a-mp,29.256,-0.355
2025-09-22,gwm29-22a-mp,29.255,-0.356
2025-09-23,gwm29-22a-mp,29.227,-0.384
2025-09-24,gwm29-22a-mp,29.225,-0.386
2025-09-25,gwm29-22a-mp,29.219,-0.392
2025-09-26,gwm29-22a-mp,29.221,-0.39
2025-09-27,gwm29-22a-mp,29.219,-0.392
2025-09-28,gwm29-22a-mp,29.219,-0.392
2025-09-29,gwm29-22a-mp,29.217,-0.394
2025-09-30,gwm29-22a-mp,29.213,-0.398
2025-10-01,gwm29-22a-mp,29.2,-0.411
2025-10-02,gwm29-22a-mp,29.192,-0.419
2025-10-03,gwm29-22a-mp,29.201,-0.41
2025-10-04,gwm29-22a-mp,29.214,-0.397
2025-10-05,gwm29-22a-mp,29.262,-0.349
2025-10-06,gwm29-22a-mp,29.223,-0.388
2025-10-07,gwm29-22a-mp,29.198,-0.413
2025-10-08,gwm29-22a-mp,29.186,-0.425
2025-10-09,gwm29-22a-mp,29.195,-0.416
2025-10-10,gwm29-22a-mp,29.184,-0.427
2025-10-11,gwm29-22a-mp,29.176,-0.435
2025-10-12,gwm29-22a-mp,29.178,-0.433
2025-10-13,gwm29-22a-mp,29.187,-0.424
2025-10-14,gwm29-22a-mp,29.181,-0.43
2025-10-15,gwm29-22a-mp,29.189,-0.422
2025-10-16,gwm29-22a-mp,29.183,-0.428
2025-10-17,gwm29-22a-mp,29.193,-0.418
2025-10-18,gwm29-22a-mp,29.188,-0.423
2025-10-19,gwm29-22a-mp,29.169,-0.442
2025-10-20,gwm29-22a-mp,29.194,-0.417
2025-10-21,gwm29-22a-mp,29.215,-0.396
2025-10-22,gwm29-22a-mp,29.219,-0.392
2025-10-23,gwm29-22a-mp,29.205,-0.406
2025-10-24,gwm29-22a-mp,29.236,-0.375
2025-10-25,gwm29-22a-mp,29.188,-0.423
2025-10-26,gwm29-22a-mp,29.2,-0.411
2025-10-27,gwm29-22a-mp,29.204,-0.407
2025-10-28,gwm29-22a-mp,29.2,-0.411
2025-10-29,gwm29-22a-mp,29.186,-0.425
2025-10-30,gwm29-22a-mp,29.172,-0.439
2025-10-31,gwm29-22a-mp,29.164,-0.447
2025-11-01,gwm29-22a-mp,29.164,-0.447
2025-11-02,gwm29-22a-mp,29.178,-0.433
2025-11-03,gwm29-22a-mp,29.173,-0.438
2025-11-04,gwm29-22a-mp,29.156,-0.455
2025-11-05,gwm29-22a-mp,29.152,-0.459
2025-11-06,gwm29-22a-mp,29.16,-0.451
2025-11-07,gwm29-22a-mp,29.172,-0.439
2025-11-08,gwm29-22a-mp,29.165,-0.446
2025-11-09,gwm29-22a-mp,29.153,-0.458
2025-11-10,gwm29-22a-mp,29.15,-0.461
2025-11-11,gwm29-22a-mp,29.152,-0.459
2025-11-12,gwm29-22a-mp,29.146,-0.465
2025-11-13,gwm29-22a-mp,29.149,-0.462
2025-11-14,gwm29-22a-mp,29.149,-0.462
2025-11-15,gwm29-22a-mp,29.154,-0.457
2025-11-16,gwm29-22a-mp,29.145,-0.466
2025-11-17,gwm29-22a-mp,29.172,-0.439
2025-11-18,gwm29-22a-mp,29.162,-0.449
2025-11-19,gwm29-22a-mp,29.15,-0.461
2025-11-20,gwm29-22a-mp,29.172,-0.439
2025-11-21,gwm29-22a-mp,29.164,-0.447
2025-11-22,gwm29-22a-mp,29.132,-0.479
2025-11-23,gwm29-22a-mp,29.137,-0.474
2025-11-24,gwm29-22a-mp,29.168,-0.443
2025-11-25,gwm29-22a-mp,29.188,-0.423
2025-11-26,gwm29-22a-mp,29.158,-0.453
2025-11-27,gwm29-22a-mp,29.134,-0.477
2025-11-28,gwm29-22a-mp,29.137,-0.474
2025-11-29,gwm29-22a-mp,29.145,-0.466
2025-11-30,gwm29-22a-mp,29.147,-0.464
2025-12-01,gwm29-22a-mp,29.145,-0.466
2025-12-02,gwm29-22a-mp,29.131,-0.48
2025-12-03,gwm29-22a-mp,29.139,-0.472
2025-12-04,gwm29-22a-mp,29.135,-0.476
2025-12-05,gwm29-22a-mp,29.142,-0.469
2025-12-06,gwm29-22a-mp,29.132,-0.479
2025-12-07,gwm29-22a-mp,29.142,-0.469
2025-12-08,gwm29-22a-mp,29.126,-0.485
2025-12-09,gwm29-22a-mp,29.121,-0.49
2025-12-10,gwm29-22a-mp,29.126,-0.485
2025-12-11,gwm29-22a-mp,29.118,-0.493
2025-12-12,gwm29-22a-mp,29.118,-0.493
2025-12-13,gwm29-22a-mp,29.115,-0.496
2025-12-14,gwm29-22a-mp,29.115,-0.496
2025-12-15,gwm29-22a-mp,29.117,-0.494
2025-12-16,gwm29-22a-mp,29.128,-0.483
2025-12-17,gwm29-22a-mp,29.119,-0.492
2025-12-18,gwm29-22a-mp,29.113,-0.498
2025-12-19,gwm29-22a-mp,29.108,-0.503
2025-12-20,gwm29-22a-mp,29.106,-0.505
2025-12-21,gwm29-22a-mp,29.105,-0.506
2025-12-22,gwm29-22a-mp,29.102,-0.509
2025-12-23,gwm29-22a-mp,29.099,-0.512
2025-12-24,gwm29-22a-mp,29.087,-0.524
2025-12-25,gwm29-22a-mp,29.078,-0.533
2025-12-26,gwm29-22a-mp,29.08,-0.531
2025-12-27,gwm29-22a-mp,29.077,-0.534
2025-12-28,gwm29-22a-mp,29.093,-0.518
2025-12-29,gwm29-22a-mp,29.076,-0.535
2025-12-30,gwm29-22a-mp,29.093,-0.518
2025-12-31,gwm29-22a-mp,29.068,-0.543
2026-01-01,gwm29-22a-mp,29.09,-0.521
2026-01-02,gwm29-22a-mp,29.117,-0.494
2026-01-03,gwm29-22a-mp,29.103,-0.508
2026-01-04,gwm29-22a-mp,29.076,-0.535
2026-01-05,gwm29-22a-mp,29.058,-0.553
2026-01-06,gwm29-22a-mp,29.05,-0.561
2026-01-07,gwm29-22a-mp,29.046,-0.565
2026-01-08,gwm29-22a-mp,29.052,-0.559
2026-01-09,gwm29-22a-mp,29.05,-0.561
2026-01-10,gwm29-22a-mp,29.068,-0.543
2026-01-11,gwm29-22a-mp,29.033,-0.578
2026-01-12,gwm29-22a-mp,29.024,-0.587
2026-01-13,gwm29-22a-mp,29.049,-0.562
2026-01-14,gwm29-22a-mp,29.034,-0.577
2026-01-15,gwm29-22a-mp,29.028,-0.583
2026-01-16,gwm29-22a-mp,29.034,-0.577
2026-01-17,gwm29-22a-mp,29.024,-0.587
2026-01-18,gwm29-22a-mp,29.021,-0.59
2026-01-19,gwm29-22a-mp,29.024,-0.587
2026-01-20,gwm29-22a-mp,29.025,-0.586
2026-01-21,gwm29-22a-mp,29.03,-0.581
2026-01-22,gwm29-22a-mp,29.05,-0.561
2026-01-23,gwm29-22a-mp,29.052,-0.559
2026-01-24,gwm29-22a-mp,29.035,-0.576
2026-01-25,gwm29-22a-mp,29.026,-0.585
2026-01-26,gwm29-22a-mp,29.032,-0.579
2026-01-27,gwm29-22a-mp,29.036,-0.575
2026-01-28,gwm29-22a-mp,29.022,-0.589
2026-01-29,gwm29-22a-mp,29.022,-0.589
2026-01-30,gwm29-22a-mp,29.014,-0.597
2026-01-31,gwm29-22a-mp,29.013,-0.598
2026-02-01,gwm29-22a-mp,29.003,-0.608
2026-02-02,gwm29-22a-mp,29.002,-0.609
2026-02-03,gwm29-22a-mp,29.009,-0.602
2026-02-04,gwm29-22a-mp,29.011,-0.6
2026-02-05,gwm29-22a-mp,29.013,-0.598
2026-02-06,gwm29-22a-mp,29.026,-0.585
2026-02-07,gwm29-22a-mp,29.018,-0.593
2026-02-08,gwm29-22a-mp,28.996,-0.615
2026-02-09,gwm29-22a-mp,28.992,-0.619
2026-02-10,gwm29-22a-mp,28.998,-0.613
2026-02-11,gwm29-22a-mp,29.023,-0.588
2026-02-12,gwm29-22a-mp,29.043,-0.568
2026-02-13,gwm29-22a-mp,29.051,-0.56
2026-02-14,gwm29-22a-mp,29.026,-0.585
2026-02-15,gwm29-22a-mp,29.007,-0.604
2026-02-16,gwm29-22a-mp,29.013,-0.598
2026-02-17,gwm29-22a-mp,29.055,-0.556
2026-02-18,gwm29-22a-mp,29.036,-0.575
2026-02-19,gwm29-22a-mp,29.023,-0.588
2026-02-21,gwm29-22a-mp,29.012,-0.599
2026-02-22,gwm29-22a-mp,29.029,-0.582
2026-02-23,gwm29-22a-mp,29.043,-0.568
2026-02-24,gwm29-22a-mp,29.052,-0.559
2026-02-25,gwm29-22a-mp,29.047,-0.564
2026-02-26,gwm29-22a-mp,29.06,-0.551
2026-02-27,gwm29-22a-mp,29.078,-0.533
2026-02-28,gwm29-22a-mp,29.091,-0.52
2026-03-01,gwm29-22a-mp,29.098,-0.513
2026-03-02,gwm29-22a-mp,29.095,-0.516
2026-03-03,gwm29-22a-mp,29.101,-0.51
2026-03-04,gwm29-22a-mp,29.104,-0.507
2026-03-05,gwm29-22a-mp,29.105,-0.506
2026-03-06,gwm29-22a-mp,29.112,-0.499
2026-03-07,gwm29-22a-mp,29.117,-0.494
2026-03-08,gwm29-22a-mp,29.116,-0.495
2026-03-09,gwm29-22a-mp,29.114,-0.497
2026-03-10,gwm29-22a-mp,29.125,-0.486
2026-03-11,gwm29-22a-mp,29.127,-0.484
2026-03-12,gwm29-22a-mp,29.131,-0.48
2026-03-13,gwm29-22a-mp,29.115,-0.496
2026-03-14,gwm29-22a-mp,29.137,-0.474
2026-03-15,gwm29-22a-mp,29.133,-0.478
2026-03-16,gwm29-22a-mp,29.103,-0.508
2026-03-17,gwm29-22a-mp,29.111,-0.5
2026-03-18,gwm29-22a-mp,29.087,-0.524
2026-03-19,gwm29-22a-mp,29.08,-0.531
2026-03-20,gwm29-22a-mp,29.091,-0.52
2026-03-21,gwm29-22a-mp,29.091,-0.52
2026-03-22,gwm29-22a-mp,29.088,-0.523
2026-03-23,gwm29-22a-mp,29.087,-0.524
2026-03-24,gwm29-22a-mp,29.08,-0.531
2026-03-25,gwm29-22a-mp,29.085,-0.526
2026-03-26,gwm29-22a-mp,29.107,-0.504
2026-03-27,gwm29-22a-mp,29.07,-0.541
2026-03-28,gwm29-22a-mp,29.053,-0.558
2026-03-29,gwm29-22a-mp,29.064,-0.547
2026-03-30,gwm29-22a-mp,29.042,-0.569
2026-03-31,gwm29-22a-mp,29.064,-0.547
2026-04-01,gwm29-22a-mp,29.041,-0.57
2026-04-03,gwm29-22a-mp,29.058,-0.553
2026-04-04,gwm29-22a-mp,29.045,-0.566
2026-04-05,gwm29-22a-mp,29.035,-0.576
2026-04-06,gwm29-22a-mp,29.045,-0.566
2026-04-07,gwm29-22a-mp,29.025,-0.586
2026-04-08,gwm29-22a-mp,29.021,-0.59
2026-04-09,gwm29-22a-mp,29.02,-0.591
2026-04-10,gwm29-22a-mp,29.028,-0.583
2026-04-11,gwm29-22a-mp,29.027,-0.584
2026-04-12,gwm29-22a-mp,29.024,-0.587
2026-04-13,gwm29-22a-mp,29.014,-0.597
2026-04-14,gwm29-22a-mp,29.02,-0.591
2026-04-15,gwm29-22a-mp,29.004,-0.607
2026-04-16,gwm29-22a-mp,29.005,-0.606
2026-04-17,gwm29-22a-mp,29.001,-0.61
2026-04-18,gwm29-22a-mp,28.995,-0.616
2026-04-19,gwm29-22a-mp,29.0,-0.611
2026-04-20,gwm29-22a-mp,29.004,-0.607
2026-04-21,gwm29-22a-mp,29.027,-0.584
2026-04-22,gwm29-22a-mp,29.04,-0.571
2026-04-23,gwm29-22a-mp,29.049,-0.562
2026-04-24,gwm29-22a-mp,29.056,-0.555
2026-04-25,gwm29-22a-mp,29.064,-0.547
2026-04-26,gwm29-22a-mp,29.07,-0.541
2026-04-28,gwm29-22a-mp,29.05,-0.561
2026-04-29,gwm29-22a-mp,29.045,-0.566
2026-04-30,gwm29-22a-mp,29.036,-0.575
2026-05-01,gwm29-22a-mp,29.039,-0.572
2026-05-02,gwm29-22a-mp,29.042,-0.569
2026-05-03,gwm29-22a-mp,29.056,-0.555
2026-05-05,gwm29-22a-mp,29.052,-0.559
2026-05-06,gwm29-22a-mp,29.057,-0.554
2026-05-07,gwm29-22a-mp,29.057,-0.554
2026-05-08,gwm29-22a-mp,29.052,-0.559
2026-05-09,gwm29-22a-mp,29.05,-0.561
2026-05-10,gwm29-22a-mp,29.056,-0.555
2026-05-12,gwm29-22a-mp,29.091,-0.52
2026-05-13,gwm29-22a-mp,29.074,-0.537
2026-05-14,gwm29-22a-mp,29.087,-0.524
2026-05-15,gwm29-22a-mp,29.086,-0.525
2026-05-16,gwm29-22a-mp,29.081,-0.53
2026-05-17,gwm29-22a-mp,29.068,-0.543
2026-05-19,gwm29-22a-mp,29.068,-0.543
2026-05-20,gwm29-22a-mp,29.063,-0.548
2026-05-21,gwm29-22a-mp,29.06,-0.551
2026-05-22,gwm29-22a-mp,29.057,-0.554
2026-05-23,gwm29-22a-mp,29.057,-0.554
2026-05-24,gwm29-22a-mp,29.064,-0.547
2026-05-26,gwm29-22a-mp,29.06,-0.551
2026-05-27,gwm29-22a-mp,29.071,-0.54
2026-05-28,gwm29-22a-mp,29.07,-0.541
2026-05-29,gwm29-22a-mp,29.066,-0.545
2026-05-30,gwm29-22a-mp,29.073,-0.538
2026-05-31,gwm29-22a-mp,29.076,-0.535
2026-06-02,gwm29-22a-mp,29.077,-0.534
2026-06-03,gwm29-22a-mp,29.093,-0.518
2026-06-04,gwm29-22a-mp,29.085,-0.526
2026-06-05,gwm29-22a-mp,29.095,-0.516
2026-06-06,gwm29-22a-mp,29.081,-0.53
2026-06-07,gwm29-22a-mp,29.084,-0.527
2026-06-08,gwm29-22a-mp,29.078,-0.533
2026-06-09,gwm29-22a-mp,29.092,-0.519
2026-06-10,gwm29-22a-mp,29.092,-0.519
2026-06-11,gwm29-22a-mp,29.094,-0.517
2026-06-12,gwm29-22a-mp,29.088,-0.523
2026-06-13,gwm29-22a-mp,29.097,-0.514
2026-06-14,gwm29-22a-mp,29.107,-0.504
2026-06-16,gwm29-22a-mp,29.112,-0.499
2026-06-17,gwm29-22a-mp,29.107,-0.504
2026-06-18,gwm29-22a-mp,29.101,-0.51
2026-06-19,gwm29-22a-mp,29.102,-0.509
2026-06-20,gwm29-22a-mp,29.105,-0.506
2026-06-21,gwm29-22a-mp,29.095,-0.516
2026-06-23,gwm29-22a-mp,29.099,-0.512
2026-06-24,gwm29-22a-mp,29.108,-0.503
2026-06-25,gwm29-22a-mp,29.112,-0.499
2026-06-26,gwm29-22a-mp,29.111,-0.5
2026-06-27,gwm29-22a-mp,29.107,-0.504
2026-06-28,gwm29-22a-mp,29.11,-0.501
2026-06-30,gwm29-22a-mp,29.09,-0.521
2026-07-01,gwm29-22a-mp,29.099,-0.512
2026-07-02,gwm29-22a-mp,29.102,-0.509
2026-07-03,gwm29-22a-mp,29.111,-0.5
2026-07-04,gwm29-22a-mp,29.099,-0.512
2026-07-05,gwm29-22a-mp,29.103,-0.508
2026-07-07,gwm29-22a-mp,29.12,-0.491
2026-07-08,gwm29-22a-mp,29.131,-0.48
2026-07-09,gwm29-22a-mp,29.119,-0.492
2026-07-10,gwm29-22a-mp,29.121,-0.49
2026-07-11,gwm29-22a-mp,29.121,-0.49
2026-07-12,gwm29-22a-mp,29.117,-0.494
2026-07-13,gwm29-22a-mp,29.115,-0.496
2026-07-14,gwm29-22a-mp,29.113,-0.498
2026-07-15,gwm29-22a-mp,29.111,-0.5
2026-07-16,gwm29-22a-mp,29.109,-0.502
2026-07-17,gwm29-22a-mp,29.117,-0.494
2026-07-18,gwm29-22a-mp,29.129,-0.482
2026-07-19,gwm29-22a-mp,29.122,-0.489
2026-07-20,gwm29-22a-mp,29.117,-0.494
2026-07-21,gwm29-22a-mp,29.115,-0.496
2026-07-22,gwm29-22a-mp,29.115,-0.496
2026-07-23,gwm29-22a-mp,29.126,-0.485
2026-07-24,gwm29-22a-mp,29.12,-0.491
2026-07-25,gwm29-22a-mp,29.129,-0.482
2026-07-26,gwm29-22a-mp,29.145,-0.466
2026-07-27,gwm29-22a-mp,29.146,-0.465
2026-07-28,gwm29-22a-mp,29.129,-0.482
2026-07-29,gwm29-22a-mp,29.119,-0.492
2026-07-30,gwm29-22a-mp,29.133,-0.478
2026-07-31,gwm29-22a-mp,29.144,-0.467
2026-08-01,gwm29-22a-mp,29.139,-0.472
2026-08-02,gwm29-22a-mp,29.13,-0.481
2026-08-03,gwm29-22a-mp,29.137,-0.474
2026-08-04,gwm29-22a-mp,29.148,-0.463
2026-08-05,gwm29-22a-mp,29.151,-0.46
2026-08-06,gwm29-22a-mp,29.149,-0.462
2026-08-07,gwm29-22a-mp,29.148,-0.463
2026-08-08,gwm29-22a-mp,29.14,-0.471
2026-08-09,gwm29-22a-mp,29.144,-0.467
2026-08-10,gwm29-22a-mp,29.158,-0.453
2026-08-11,gwm29-22a-mp,29.153,-0.458
2026-08-12,gwm29-22a-mp,29.129,-0.482
2026-08-13,gwm29-22a-mp,29.124,-0.487
2026-08-14,gwm29-22a-mp,29.126,-0.485
2026-08-15,gwm29-22a-mp,29.137,-0.474
2026-08-16,gwm29-22a-mp,29.142,-0.469
2026-08-17,gwm29-22a-mp,29.127,-0.484
2026-08-18,gwm29-22a-mp,29.139,-0.472
2026-08-19,gwm29-22a-mp,29.146,-0.465
2026-08-20,gwm29-22a-mp,29.15,-0.461
2026-08-21,gwm29-22a-mp,29.143,-0.468
2026-08-22,gwm29-22a-mp,29.143,-0.468
2026-08-23,gwm29-22a-mp,29.131,-0.48
2026-08-24,gwm29-22a-mp,29.12,-0.491
2026-08-25,gwm29-22a-mp,29.117,-0.494
2026-08-26,gwm29-22a-mp,29.129,-0.482
2026-08-27,gwm29-22a-mp,29.117,-0.494
2026-08-28,gwm29-22a-mp,29.122,-0.489
2026-08-29,gwm29-22a-mp,29.128,-0.483
2026-08-30,gwm29-22a-mp,29.116,-0.495
2026-08-31,gwm29-22a-mp,29.111,-0.5
2026-09-01,gwm29-22a-mp,29.107,-0.504
2026-09-02,gwm29-22a-mp,29.092,-0.519
2026-09-03,gwm29-22a-mp,29.09,-0.521
2026-09-04,gwm29-22a-mp,29.1,-0.511
2026-09-05,gwm29-22a-mp,29.115,-0.496
2026-09-06,gwm29-22a-mp,29.087,-0.524
2026-09-07,gwm29-22a-mp,29.068,-0.543
2026-09-08,gwm29-22a-mp,29.084,-0.527
2026-09-09,gwm29-22a-mp,29.103,-0.508
2026-09-10,gwm29-22a-mp,29.084,-0.527
2026-09-11,gwm29-22a-mp,29.062,-0.549
2026-09-12,gwm29-22a-mp,29.064,-0.547
2026-09-13,gwm29-22a-mp,29.059,-0.552
2026-09-14,gwm29-22a-mp,29.062,-0.549
2026-09-15,gwm29-22a-mp,29.047,-0.564
2026-09-16,gwm29-22a-mp,29.063,-0.548
2026-09-17,gwm29-22a-mp,29.059,-0.552
2026-09-18,gwm29-22a-mp,29.059,-0.552
2026-09-19,gwm29-22a-mp,29.05,-0.561
2026-09-20,gwm29-22a-mp,29.043,-0.568
2026-09-21,gwm29-22a-mp,29.043,-0.568
2026-09-22,gwm29-22a-mp,29.03,-0.581
2025-03-01,gwm30-22-op,29.156,0.0
2025-03-02,gwm30-22-op,29.143,-0.013
2025-03-03,gwm30-22-op,29.141,-0.015
2025-03-04,gwm30-22-op,29.141,-0.015
2025-03-06,gwm30-22-op,29.134,-0.022
2025-03-07,gwm30-22-op,29.131,-0.025
2025-03-09,gwm30-22-op,29.126,-0.03
2025-03-10,gwm30-22-op,29.133000000000003,-0.023
2025-03-11,gwm30-22-op,29.130000000000003,-0.026
2025-03-12,gwm30-22-op,29.12,-0.036
2025-03-13,gwm30-22-op,29.115,-0.041
2025-03-14,gwm30-22-op,29.111,-0.045
2025-03-15,gwm30-22-op,29.099000000000004,-0.057
2025-03-16,gwm30-22-op,29.083,-0.073
2025-03-17,gwm30-22-op,29.082,-0.074
2025-03-18,gwm30-22-op,29.067,-0.089
2025-03-19,gwm30-22-op,29.062,-0.094
2025-03-20,gwm30-22-op,29.06,-0.096
2025-03-21,gwm30-22-op,29.055,-0.101
2025-03-22,gwm30-22-op,29.052,-0.104
2025-03-23,gwm30-22-op,29.052,-0.104
2025-03-24,gwm30-22-op,29.047,-0.109
2025-03-25,gwm30-22-op,29.033,-0.123
2025-03-26,gwm30-22-op,29.025,-0.131
2025-03-27,gwm30-22-op,29.016,-0.14
2025-03-28,gwm30-22-op,29.008000000000003,-0.148
2025-03-29,gwm30-22-op,29.01,-0.146
2025-03-30,gwm30-22-op,28.994,-0.162
2025-03-31,gwm30-22-op,28.995,-0.161
2025-04-01,gwm30-22-op,28.975,-0.181
2025-04-02,gwm30-22-op,28.963,-0.193
2025-04-03,gwm30-22-op,28.956000000000003,-0.2
2025-04-04,gwm30-22-op,28.948,-0.208
2025-04-05,gwm30-22-op,28.944000000000003,-0.212
2025-04-06,gwm30-22-op,28.934,-0.222
2025-04-07,gwm30-22-op,28.922,-0.234
2025-04-08,gwm30-22-op,28.913000000000004,-0.243
2025-04-09,gwm30-22-op,28.904000000000003,-0.252
2025-04-10,gwm30-22-op,28.897,-0.259
2025-04-11,gwm30-22-op,28.886000000000003,-0.27
2025-04-12,gwm30-22-op,28.880000000000003,-0.276
2025-04-13,gwm30-22-op,28.873,-0.283
2025-04-14,gwm30-22-op,28.867,-0.289
2025-04-15,gwm30-22-op,28.854000000000003,-0.302
2025-04-16,gwm30-22-op,28.851000000000003,-0.305
2025-04-17,gwm30-22-op,28.837000000000003,-0.319
2025-04-18,gwm30-22-op,28.831000000000003,-0.325
2025-04-19,gwm30-22-op,28.817,-0.339
2025-04-20,gwm30-22-op,28.81,-0.346
2025-04-21,gwm30-22-op,28.804,-0.352
2025-04-22,gwm30-22-op,28.792,-0.364
2025-04-23,gwm30-22-op,28.783,-0.373
2025-04-24,gwm30-22-op,28.776000000000003,-0.38
2025-04-25,gwm30-22-op,28.766,-0.39
2025-04-26,gwm30-22-op,28.759,-0.397
2025-04-27,gwm30-22-op,28.747,-0.409
2025-04-28,gwm30-22-op,28.739,-0.417
2025-04-29,gwm30-22-op,28.734,-0.422
2025-04-30,gwm30-22-op,28.725,-0.431
2025-05-01,gwm30-22-op,28.721000000000004,-0.435
2025-05-02,gwm30-22-op,28.713,-0.443
2025-05-03,gwm30-22-op,28.711,-0.445
2025-05-04,gwm30-22-op,28.708,-0.448
2025-05-05,gwm30-22-op,28.697000000000003,-0.459
2025-05-06,gwm30-22-op,28.688,-0.468
2025-05-07,gwm30-22-op,28.685,-0.471
2025-05-08,gwm30-22-op,28.678,-0.478
2025-05-09,gwm30-22-op,28.673,-0.483
2025-05-10,gwm30-22-op,28.667,-0.489
2025-05-11,gwm30-22-op,28.663000000000004,-0.493
2025-05-12,gwm30-22-op,28.661,-0.495
2025-05-13,gwm30-22-op,28.657000000000004,-0.499
2025-05-14,gwm30-22-op,28.653,-0.503
2025-05-15,gwm30-22-op,28.655,-0.501
2025-05-16,gwm30-22-op,28.645000000000003,-0.511
2025-05-17,gwm30-22-op,28.643,-0.513
2025-05-18,gwm30-22-op,28.642000000000003,-0.514
2025-05-19,gwm30-22-op,28.639000000000003,-0.517
2025-05-20,gwm30-22-op,28.633000000000003,-0.523
2025-05-21,gwm30-22-op,28.637,-0.519
2025-05-22,gwm30-22-op,28.639000000000003,-0.517
2025-05-23,gwm30-22-op,28.634,-0.522
2025-05-24,gwm30-22-op,28.627,-0.529
2025-05-25,gwm30-22-op,28.627,-0.529
2025-05-26,gwm30-22-op,28.631,-0.525
2025-05-27,gwm30-22-op,28.625,-0.531
2025-05-28,gwm30-22-op,28.625,-0.531
2025-05-29,gwm30-22-op,28.630000000000003,-0.526
2025-05-30,gwm30-22-op,28.623,-0.533
2025-05-31,gwm30-22-op,28.629,-0.527
2025-06-01,gwm30-22-op,28.629,-0.527
2025-06-02,gwm30-22-op,28.635,-0.521
2025-06-03,gwm30-22-op,28.630000000000003,-0.526
2025-06-04,gwm30-22-op,28.633000000000003,-0.523
2025-06-05,gwm30-22-op,28.637,-0.519
2025-06-06,gwm30-22-op,28.632,-0.524
2025-06-07,gwm30-22-op,28.636000000000003,-0.52
2025-06-08,gwm30-22-op,28.635,-0.521
2025-06-09,gwm30-22-op,28.639000000000003,-0.517
2025-06-10,gwm30-22-op,28.627,-0.529
2025-06-11,gwm30-22-op,28.645000000000003,-0.511
2025-06-12,gwm30-22-op,28.637,-0.519
2025-06-13,gwm30-22-op,28.639000000000003,-0.517
2025-06-14,gwm30-22-op,28.637,-0.519
2025-06-15,gwm30-22-op,28.646,-0.51
2025-06-16,gwm30-22-op,28.653,-0.503
2025-06-17,gwm30-22-op,28.642000000000003,-0.514
2025-06-18,gwm30-22-op,28.645000000000003,-0.511
2025-06-19,gwm30-22-op,28.65,-0.506
2025-06-20,gwm30-22-op,28.645000000000003,-0.511
2025-06-21,gwm30-22-op,28.645000000000003,-0.511
2025-06-22,gwm30-22-op,28.649,-0.507
2025-06-23,gwm30-22-op,28.656,-0.5
2025-06-24,gwm30-22-op,28.665000000000003,-0.491
2025-06-25,gwm30-22-op,28.655,-0.501
2025-06-26,gwm30-22-op,28.654000000000003,-0.502
2025-06-27,gwm30-22-op,28.655,-0.501
2025-06-28,gwm30-22-op,28.641,-0.515
2025-06-29,gwm30-22-op,28.642000000000003,-0.514
2025-06-30,gwm30-22-op,28.642000000000003,-0.514
2025-07-01,gwm30-22-op,28.637,-0.519
2025-07-02,gwm30-22-op,28.637,-0.519
2025-07-03,gwm30-22-op,28.636000000000003,-0.52
2025-07-04,gwm30-22-op,28.623,-0.533
2025-07-05,gwm30-22-op,28.619,-0.537
2025-07-06,gwm30-22-op,28.627,-0.529
2025-07-07,gwm30-22-op,28.628,-0.528
2025-07-08,gwm30-22-op,28.623,-0.533
2025-07-09,gwm30-22-op,28.611,-0.545
2025-07-10,gwm30-22-op,28.605,-0.551
2025-07-11,gwm30-22-op,28.602000000000004,-0.554
2025-07-12,gwm30-22-op,28.601000000000003,-0.555
2025-07-13,gwm30-22-op,28.602000000000004,-0.554
2025-07-14,gwm30-22-op,28.599000000000004,-0.557
2025-07-15,gwm30-22-op,28.597,-0.559
2025-07-16,gwm30-22-op,28.595,-0.561
2025-07-17,gwm30-22-op,28.599000000000004,-0.557
2025-07-18,gwm30-22-op,28.597,-0.559
2025-07-19,gwm30-22-op,28.598000000000003,-0.558
2025-07-20,gwm30-22-op,28.604000000000003,-0.552
2025-07-21,gwm30-22-op,28.611,-0.545
2025-07-22,gwm30-22-op,28.611,-0.545
2025-07-23,gwm30-22-op,28.617,-0.539
2025-07-24,gwm30-22-op,28.629,-0.527
2025-07-25,gwm30-22-op,28.638,-0.518
2025-07-26,gwm30-22-op,28.647,-0.509
2025-07-27,gwm30-22-op,28.653,-0.503
2025-07-28,gwm30-22-op,28.663000000000004,-0.493
2025-07-29,gwm30-22-op,28.667,-0.489
2025-07-30,gwm30-22-op,28.671000000000003,-0.485
2025-07-31,gwm30-22-op,28.673,-0.483
2025-08-01,gwm30-22-op,28.679,-0.477
2025-08-02,gwm30-22-op,28.683,-0.473
2025-08-03,gwm30-22-op,28.688,-0.468
2025-08-04,gwm30-22-op,28.689,-0.467
2025-08-05,gwm30-22-op,28.692,-0.464
2025-08-06,gwm30-22-op,28.697000000000003,-0.459
2025-08-08,gwm30-22-op,28.709000000000003,-0.447
2025-08-10,gwm30-22-op,28.717,-0.439
2025-08-11,gwm30-22-op,28.716,-0.44
2025-08-12,gwm30-22-op,28.722,-0.434
2025-08-14,gwm30-22-op,28.733,-0.423
2025-08-15,gwm30-22-op,28.735000000000003,-0.421
2025-08-16,gwm30-22-op,28.739,-0.417
2025-08-17,gwm30-22-op,28.739,-0.417
2025-08-20,gwm30-22-op,28.75,-0.406
2025-08-22,gwm30-22-op,28.756,-0.4
2025-08-23,gwm30-22-op,28.755000000000003,-0.401
2025-08-25,gwm30-22-op,28.758000000000003,-0.398
2025-08-26,gwm30-22-op,28.76,-0.396
2025-08-27,gwm30-22-op,28.765,-0.391
2025-08-28,gwm30-22-op,28.767000000000003,-0.389
2025-08-29,gwm30-22-op,28.768,-0.388
2025-08-30,gwm30-22-op,28.772,-0.384
2025-08-31,gwm30-22-op,28.770000000000003,-0.386
2025-09-01,gwm30-22-op,28.769,-0.387
2025-09-02,gwm30-22-op,28.775,-0.381
2025-09-03,gwm30-22-op,28.775,-0.381
2025-09-04,gwm30-22-op,28.775,-0.381
2025-09-05,gwm30-22-op,28.775,-0.381
2025-09-06,gwm30-22-op,28.768,-0.388
2025-09-07,gwm30-22-op,28.766,-0.39
2025-09-08,gwm30-22-op,28.773000000000003,-0.383
2025-09-09,gwm30-22-op,28.778,-0.378
2025-09-10,gwm30-22-op,28.779000000000003,-0.377
2025-09-11,gwm30-22-op,28.781,-0.375
2025-09-12,gwm30-22-op,28.781,-0.375
2025-09-13,gwm30-22-op,28.774,-0.382
2025-09-14,gwm30-22-op,28.775,-0.381
2025-09-15,gwm30-22-op,28.78,-0.376
2025-09-16,gwm30-22-op,28.783,-0.373
2025-09-17,gwm30-22-op,28.78,-0.376
2025-09-18,gwm30-22-op,28.774,-0.382
2025-09-19,gwm30-22-op,28.771,-0.385
2025-09-20,gwm30-22-op,28.765,-0.391
2025-09-21,gwm30-22-op,28.776000000000003,-0.38
2025-09-22,gwm30-22-op,28.775,-0.381
2025-09-23,gwm30-22-op,28.759,-0.397
2025-09-24,gwm30-22-op,28.752,-0.404
2025-09-25,gwm30-22-op,28.748,-0.408
2025-09-26,gwm30-22-op,28.747,-0.409
2025-09-27,gwm30-22-op,28.745,-0.411
2025-09-28,gwm30-22-op,28.744,-0.412
2025-09-29,gwm30-22-op,28.741,-0.415
2025-09-30,gwm30-22-op,28.736,-0.42
2025-10-01,gwm30-22-op,28.729000000000003,-0.427
2025-10-02,gwm30-22-op,28.721000000000004,-0.435
2025-10-03,gwm30-22-op,28.723000000000003,-0.433
2025-10-04,gwm30-22-op,28.725,-0.431
2025-10-05,gwm30-22-op,28.753,-0.403
2025-10-06,gwm30-22-op,28.731,-0.425
2025-10-07,gwm30-22-op,28.716,-0.44
2025-10-08,gwm30-22-op,28.707,-0.449
2025-10-09,gwm30-22-op,28.707,-0.449
2025-10-10,gwm30-22-op,28.701,-0.455
2025-10-11,gwm30-22-op,28.696,-0.46
2025-10-12,gwm30-22-op,28.693,-0.463
2025-10-13,gwm30-22-op,28.694000000000003,-0.462
2025-10-14,gwm30-22-op,28.69,-0.466
2025-10-15,gwm30-22-op,28.69,-0.466
2025-10-16,gwm30-22-op,28.687,-0.469
2025-10-17,gwm30-22-op,28.687,-0.469
2025-10-18,gwm30-22-op,28.684,-0.472
2025-10-19,gwm30-22-op,28.677,-0.479
2025-10-20,gwm30-22-op,28.686,-0.47
2025-10-21,gwm30-22-op,28.695,-0.461
2025-10-22,gwm30-22-op,28.697000000000003,-0.459
2025-10-23,gwm30-22-op,28.686,-0.47
2025-10-24,gwm30-22-op,28.700000000000003,-0.456
2025-10-25,gwm30-22-op,28.675,-0.481
2025-10-26,gwm30-22-op,28.677,-0.479
2025-10-27,gwm30-22-op,28.675,-0.481
2025-10-28,gwm30-22-op,28.67,-0.486
2025-10-29,gwm30-22-op,28.662000000000003,-0.494
2025-10-30,gwm30-22-op,28.653,-0.503
2025-10-31,gwm30-22-op,28.647,-0.509
2025-11-01,gwm30-22-op,28.641,-0.515
2025-11-02,gwm30-22-op,28.639000000000003,-0.517
2025-11-03,gwm30-22-op,28.633000000000003,-0.523
2025-11-04,gwm30-22-op,28.625,-0.531
2025-11-05,gwm30-22-op,28.619,-0.537
2025-11-06,gwm30-22-op,28.615,-0.541
2025-11-07,gwm30-22-op,28.611,-0.545
2025-11-08,gwm30-22-op,28.608,-0.548
2025-11-09,gwm30-22-op,28.602000000000004,-0.554
2025-11-10,gwm30-22-op,28.598000000000003,-0.558
2025-11-11,gwm30-22-op,28.593000000000004,-0.563
2025-11-12,gwm30-22-op,28.589,-0.567
2025-11-13,gwm30-22-op,28.585,-0.571
2025-11-14,gwm30-22-op,28.582,-0.574
2025-11-15,gwm30-22-op,28.58,-0.576
2025-11-16,gwm30-22-op,28.578000000000003,-0.578
2025-11-17,gwm30-22-op,28.588,-0.568
2025-11-18,gwm30-22-op,28.583,-0.573
2025-11-19,gwm30-22-op,28.576,-0.58
2025-11-20,gwm30-22-op,28.586,-0.57
2025-11-21,gwm30-22-op,28.582,-0.574
2025-11-22,gwm30-22-op,28.567,-0.589
2025-11-23,gwm30-22-op,28.567,-0.589
2025-11-24,gwm30-22-op,28.581000000000003,-0.575
2025-11-25,gwm30-22-op,28.591,-0.565
2025-11-26,gwm30-22-op,28.576,-0.58
2025-11-27,gwm30-22-op,28.562,-0.594
2025-11-28,gwm30-22-op,28.561,-0.595
2025-11-29,gwm30-22-op,28.559,-0.597
2025-11-30,gwm30-22-op,28.559,-0.597
2025-12-01,gwm30-22-op,28.555,-0.601
2025-12-02,gwm30-22-op,28.549,-0.607
2025-12-03,gwm30-22-op,28.546000000000003,-0.61
2025-12-04,gwm30-22-op,28.542,-0.614
2025-12-05,gwm30-22-op,28.540000000000003,-0.616
2025-12-06,gwm30-22-op,28.533,-0.623
2025-12-07,gwm30-22-op,28.53,-0.626
2025-12-08,gwm30-22-op,28.521,-0.635
2025-12-09,gwm30-22-op,28.514000000000003,-0.642
2025-12-10,gwm30-22-op,28.506,-0.65
2025-12-11,gwm30-22-op,28.499,-0.657
2025-12-12,gwm30-22-op,28.493,-0.663
2025-12-13,gwm30-22-op,28.484,-0.672
2025-12-14,gwm30-22-op,28.478,-0.678
2025-12-15,gwm30-22-op,28.471000000000004,-0.685
2025-12-16,gwm30-22-op,28.468000000000004,-0.688
2025-12-17,gwm30-22-op,28.46,-0.696
2025-12-19,gwm30-22-op,28.445,-0.711
2025-12-20,gwm30-22-op,28.438,-0.718
2025-12-21,gwm30-22-op,28.431,-0.725
2025-12-22,gwm30-22-op,28.424,-0.732
2025-12-23,gwm30-22-op,28.416000000000004,-0.74
2025-12-24,gwm30-22-op,28.406,-0.75
2025-12-25,gwm30-22-op,28.396,-0.76
2025-12-26,gwm30-22-op,28.391,-0.765
2025-12-27,gwm30-22-op,28.384,-0.772
2025-12-28,gwm30-22-op,28.383000000000003,-0.773
2025-12-29,gwm30-22-op,28.376,-0.78
2025-12-30,gwm30-22-op,28.378,-0.778
2025-12-31,gwm30-22-op,28.369,-0.787
2026-01-01,gwm30-22-op,28.373,-0.783
2026-01-02,gwm30-22-op,28.382,-0.774
2026-01-03,gwm30-22-op,28.375,-0.781
2026-01-04,gwm30-22-op,28.365,-0.791
2026-01-05,gwm30-22-op,28.356,-0.8
2026-01-06,gwm30-22-op,28.351000000000003,-0.805
2026-01-07,gwm30-22-op,28.349000000000004,-0.807
2026-01-08,gwm30-22-op,28.348000000000003,-0.808
2026-01-09,gwm30-22-op,28.345,-0.811
2026-01-10,gwm30-22-op,28.355,-0.801
2026-01-11,gwm30-22-op,28.340000000000003,-0.816
2026-01-12,gwm30-22-op,28.336,-0.82
2026-01-13,gwm30-22-op,28.345,-0.811
2026-01-14,gwm30-22-op,28.339,-0.817
2026-01-15,gwm30-22-op,28.335,-0.821
2026-01-16,gwm30-22-op,28.337000000000003,-0.819
2026-01-17,gwm30-22-op,28.333,-0.823
2026-01-18,gwm30-22-op,28.331000000000003,-0.825
2026-01-19,gwm30-22-op,28.332,-0.824
2026-01-20,gwm30-22-op,28.333,-0.823
2026-01-21,gwm30-22-op,28.335,-0.821
2026-01-22,gwm30-22-op,28.349000000000004,-0.807
2026-01-23,gwm30-22-op,28.351000000000003,-0.805
2026-01-24,gwm30-22-op,28.345,-0.811
2026-01-25,gwm30-22-op,28.341,-0.815
2026-01-26,gwm30-22-op,28.344,-0.812
2026-01-27,gwm30-22-op,28.344,-0.812
2026-01-28,gwm30-22-op,28.338,-0.818
2026-01-29,gwm30-22-op,28.341,-0.815
2026-01-30,gwm30-22-op,28.335,-0.821
2026-01-31,gwm30-22-op,28.335,-0.821
2026-02-01,gwm30-22-op,28.328000000000003,-0.828
2026-02-02,gwm30-22-op,28.326,-0.83
2026-02-03,gwm30-22-op,28.332,-0.824
2026-02-04,gwm30-22-op,28.335,-0.821
2026-02-05,gwm30-22-op,28.336,-0.82
2026-02-06,gwm30-22-op,28.343000000000004,-0.813
2026-02-07,gwm30-22-op,28.341,-0.815
2026-02-08,gwm30-22-op,28.328000000000003,-0.828
2026-02-09,gwm30-22-op,28.325000000000003,-0.831
2026-02-10,gwm30-22-op,28.329,-0.827
2026-02-11,gwm30-22-op,28.343000000000004,-0.813
2026-02-12,gwm30-22-op,28.354000000000003,-0.802
2026-02-13,gwm30-22-op,28.361,-0.795
2026-02-14,gwm30-22-op,28.347,-0.809
2026-02-15,gwm30-22-op,28.337000000000003,-0.819
2026-02-16,gwm30-22-op,28.341,-0.815
2026-02-17,gwm30-22-op,28.362,-0.794
2026-02-18,gwm30-22-op,28.357000000000003,-0.799
2026-02-19,gwm30-22-op,28.354000000000003,-0.802
2026-02-20,gwm30-22-op,28.357000000000003,-0.799
2026-02-21,gwm30-22-op,28.35,-0.806
2026-02-22,gwm30-22-op,28.359,-0.797
2026-02-23,gwm30-22-op,28.366,-0.79
2026-02-24,gwm30-22-op,28.369,-0.787
2026-02-25,gwm30-22-op,28.364,-0.792
2026-02-26,gwm30-22-op,28.368,-0.788
2026-02-27,gwm30-22-op,28.375,-0.781
2026-02-28,gwm30-22-op,28.379,-0.777
2026-03-01,gwm30-22-op,28.382,-0.774
2026-03-02,gwm30-22-op,28.381,-0.775
2026-03-03,gwm30-22-op,28.383000000000003,-0.773
2026-03-04,gwm30-22-op,28.383000000000003,-0.773
2026-03-05,gwm30-22-op,28.386000000000003,-0.77
2026-03-06,gwm30-22-op,28.388,-0.768
2026-03-07,gwm30-22-op,28.39,-0.766
2026-03-08,gwm30-22-op,28.39,-0.766
2026-03-09,gwm30-22-op,28.389000000000003,-0.767
2026-03-10,gwm30-22-op,28.393,-0.763
2026-03-11,gwm30-22-op,28.394,-0.762
2026-03-12,gwm30-22-op,28.396,-0.76
2026-03-13,gwm30-22-op,28.387,-0.769
2026-03-14,gwm30-22-op,28.397,-0.759
2026-03-15,gwm30-22-op,28.395000000000003,-0.761
2026-03-16,gwm30-22-op,28.377,-0.779
2026-03-17,gwm30-22-op,28.374,-0.782
2026-03-18,gwm30-22-op,28.359,-0.797
2026-03-19,gwm30-22-op,28.348000000000003,-0.808
2026-03-20,gwm30-22-op,28.349000000000004,-0.807
2026-03-21,gwm30-22-op,28.345,-0.811
2026-03-22,gwm30-22-op,28.341,-0.815
2026-03-23,gwm30-22-op,28.339,-0.817
2026-03-24,gwm30-22-op,28.332,-0.824
2026-03-25,gwm30-22-op,28.33,-0.826
2026-03-26,gwm30-22-op,28.337000000000003,-0.819
2026-03-27,gwm30-22-op,28.319000000000003,-0.837
2026-03-28,gwm30-22-op,28.311,-0.845
2026-03-29,gwm30-22-op,28.309,-0.847
2026-03-30,gwm30-22-op,28.298,-0.858
2026-03-31,gwm30-22-op,28.295,-0.861
2026-04-01,gwm30-22-op,28.290000000000003,-0.866
2026-04-03,gwm30-22-op,28.283,-0.873
2026-04-04,gwm30-22-op,28.277,-0.879
2026-04-05,gwm30-22-op,28.272,-0.884
2026-04-06,gwm30-22-op,28.268,-0.888
2026-04-07,gwm30-22-op,28.261000000000003,-0.895
2026-04-08,gwm30-22-op,28.256,-0.9
2026-04-09,gwm30-22-op,28.251,-0.905
2026-04-10,gwm30-22-op,28.247,-0.909
2026-04-11,gwm30-22-op,28.243,-0.913
2026-04-12,gwm30-22-op,28.239,-0.917
2026-04-13,gwm30-22-op,28.235000000000003,-0.921
2026-04-14,gwm30-22-op,28.231,-0.925
2026-04-15,gwm30-22-op,28.225,-0.931
2026-04-16,gwm30-22-op,28.22,-0.936
2026-04-17,gwm30-22-op,28.216,-0.94
2026-04-18,gwm30-22-op,28.212000000000003,-0.944
2026-04-19,gwm30-22-op,28.209000000000003,-0.947
2026-04-20,gwm30-22-op,28.208,-0.948
2026-04-21,gwm30-22-op,28.21,-0.946
2026-04-22,gwm30-22-op,28.215000000000003,-0.941
2026-04-23,gwm30-22-op,28.218000000000004,-0.938
2026-04-24,gwm30-22-op,28.222,-0.934
2026-04-25,gwm30-22-op,28.228,-0.928
2026-04-26,gwm30-22-op,28.235000000000003,-0.921
2026-04-28,gwm30-22-op,28.229000000000003,-0.927
2026-04-29,gwm30-22-op,28.23,-0.926
2026-04-30,gwm30-22-op,28.229000000000003,-0.927
2026-05-01,gwm30-22-op,28.234,-0.922
2026-05-02,gwm30-22-op,28.239,-0.917
2026-05-03,gwm30-22-op,28.248,-0.908
2026-05-05,gwm30-22-op,28.257,-0.899
2026-05-06,gwm30-22-op,28.264000000000003,-0.892
2026-05-07,gwm30-22-op,28.269,-0.887
2026-05-08,gwm30-22-op,28.273000000000003,-0.883
2026-05-09,gwm30-22-op,28.275,-0.881
2026-05-10,gwm30-22-op,28.283,-0.873
2026-05-12,gwm30-22-op,28.307,-0.849
2026-05-13,gwm30-22-op,28.311,-0.845
2026-05-14,gwm30-22-op,28.321,-0.835
2026-05-15,gwm30-22-op,28.327,-0.829
2026-05-16,gwm30-22-op,28.335,-0.821
2026-05-17,gwm30-22-op,28.339,-0.817
2026-05-19,gwm30-22-op,28.349000000000004,-0.807
2026-05-20,gwm30-22-op,28.356,-0.8
2026-05-21,gwm30-22-op,28.362,-0.794
2026-05-22,gwm30-22-op,28.369,-0.787
2026-05-23,gwm30-22-op,28.376,-0.78
2026-05-24,gwm30-22-op,28.386000000000003,-0.77
2026-05-26,gwm30-22-op,28.399,-0.757
2026-05-27,gwm30-22-op,28.408,-0.748
2026-05-28,gwm30-22-op,28.416000000000004,-0.74
2026-05-29,gwm30-22-op,28.421000000000003,-0.735
2026-05-30,gwm30-22-op,28.43,-0.726
2026-05-31,gwm30-22-op,28.437,-0.719
2026-06-02,gwm30-22-op,28.452,-0.704
2026-06-03,gwm30-22-op,28.462000000000003,-0.694
2026-06-04,gwm30-22-op,28.468000000000004,-0.688
2026-06-05,gwm30-22-op,28.476000000000003,-0.68
2026-06-06,gwm30-22-op,28.482000000000003,-0.674
2026-06-07,gwm30-22-op,28.487,-0.669
2026-06-08,gwm30-22-op,28.494,-0.662
2026-06-09,gwm30-22-op,28.5,-0.656
2026-06-10,gwm30-22-op,28.508000000000003,-0.648
2026-06-11,gwm30-22-op,28.513,-0.643
2026-06-12,gwm30-22-op,28.518,-0.638
2026-06-13,gwm30-22-op,28.524,-0.632
2026-06-14,gwm30-22-op,28.535000000000004,-0.621
2026-06-16,gwm30-22-op,28.548,-0.608
2026-06-17,gwm30-22-op,28.55,-0.606
2026-06-18,gwm30-22-op,28.555,-0.601
2026-06-19,gwm30-22-op,28.558,-0.598
2026-06-20,gwm30-22-op,28.563,-0.593
2026-06-21,gwm30-22-op,28.565,-0.591
2026-06-23,gwm30-22-op,28.57,-0.586
2026-06-24,gwm30-22-op,28.576,-0.58
2026-06-25,gwm30-22-op,28.58,-0.576
2026-06-26,gwm30-22-op,28.585,-0.571
2026-06-27,gwm30-22-op,28.587000000000003,-0.569
2026-06-28,gwm30-22-op,28.593000000000004,-0.563
2026-06-30,gwm30-22-op,28.594,-0.562
2026-07-01,gwm30-22-op,28.599000000000004,-0.557
2026-07-02,gwm30-22-op,28.604000000000003,-0.552
2026-07-03,gwm30-22-op,28.612,-0.544
2026-07-04,gwm30-22-op,28.613,-0.543
2026-07-05,gwm30-22-op,28.615,-0.541
2026-07-07,gwm30-22-op,28.629,-0.527
2026-07-08,gwm30-22-op,28.635,-0.521
2026-07-09,gwm30-22-op,28.639000000000003,-0.517
2026-07-10,gwm30-22-op,28.643,-0.513
2026-07-11,gwm30-22-op,28.645000000000003,-0.511
2026-07-12,gwm30-22-op,28.648000000000003,-0.508
2026-07-13,gwm30-22-op,28.652,-0.504
2026-07-14,gwm30-22-op,28.655,-0.501
2026-07-15,gwm30-22-op,28.659,-0.497
2026-07-16,gwm30-22-op,28.662000000000003,-0.494
2026-07-17,gwm30-22-op,28.665000000000003,-0.491
2026-07-18,gwm30-22-op,28.674,-0.482
2026-07-19,gwm30-22-op,28.675,-0.481
2026-07-20,gwm30-22-op,28.676,-0.48
2026-07-21,gwm30-22-op,28.679,-0.477
2026-07-22,gwm30-22-op,28.681,-0.475
2026-07-23,gwm30-22-op,28.687,-0.469
2026-07-24,gwm30-22-op,28.686,-0.47
2026-07-25,gwm30-22-op,28.694000000000003,-0.462
2026-07-26,gwm30-22-op,28.700000000000003,-0.456
2026-07-27,gwm30-22-op,28.705,-0.451
2026-07-28,gwm30-22-op,28.699,-0.457
2026-07-29,gwm30-22-op,28.699,-0.457
2026-07-30,gwm30-22-op,28.708,-0.448
2026-07-31,gwm30-22-op,28.712000000000003,-0.444
2026-08-01,gwm30-22-op,28.711,-0.445
2026-08-02,gwm30-22-op,28.707,-0.449
2026-08-03,gwm30-22-op,28.709000000000003,-0.447
2026-08-04,gwm30-22-op,28.715000000000003,-0.441
2026-08-05,gwm30-22-op,28.715000000000003,-0.441
2026-08-06,gwm30-22-op,28.715000000000003,-0.441
2026-08-07,gwm30-22-op,28.712000000000003,-0.444
2026-08-08,gwm30-22-op,28.706000000000003,-0.45
2026-08-09,gwm30-22-op,28.704,-0.452
2026-08-10,gwm30-22-op,28.712000000000003,-0.444
2026-08-11,gwm30-22-op,28.708,-0.448
2026-08-12,gwm30-22-op,28.691000000000003,-0.465
2026-08-13,gwm30-22-op,28.684,-0.472
2026-08-14,gwm30-22-op,28.681,-0.475
2026-08-15,gwm30-22-op,28.688,-0.468
2026-08-16,gwm30-22-op,28.687,-0.469
2026-08-17,gwm30-22-op,28.676,-0.48
2026-08-18,gwm30-22-op,28.679,-0.477
2026-08-19,gwm30-22-op,28.68,-0.476
2026-08-20,gwm30-22-op,28.679,-0.477
2026-08-21,gwm30-22-op,28.672,-0.484
2026-08-22,gwm30-22-op,28.671000000000003,-0.485
2026-08-23,gwm30-22-op,28.664,-0.492
2026-08-24,gwm30-22-op,28.654000000000003,-0.502
2026-08-25,gwm30-22-op,28.649,-0.507
2026-08-26,gwm30-22-op,28.652,-0.504
2026-08-27,gwm30-22-op,28.642000000000003,-0.514
2026-08-28,gwm30-22-op,28.642000000000003,-0.514
2026-08-29,gwm30-22-op,28.641,-0.515
2026-08-30,gwm30-22-op,28.635,-0.521
2026-08-31,gwm30-22-op,28.629,-0.527
2026-09-01,gwm30-22-op,28.623,-0.533
2026-09-02,gwm30-22-op,28.613,-0.543
2026-09-03,gwm30-22-op,28.606,-0.55
2026-09-04,gwm30-22-op,28.606,-0.55
2026-09-05,gwm30-22-op,28.607000000000003,-0.549
2026-09-06,gwm30-22-op,28.593000000000004,-0.563
2026-09-07,gwm30-22-op,28.581000000000003,-0.575
2026-09-08,gwm30-22-op,28.58,-0.576
2026-09-09,gwm30-22-op,28.582,-0.574
2026-09-10,gwm30-22-op,28.57,-0.586
2026-09-11,gwm30-22-op,28.559,-0.597
2026-09-12,gwm30-22-op,28.553,-0.603
2026-09-13,gwm30-22-op,28.546000000000003,-0.61
2026-09-14,gwm30-22-op,28.539,-0.617
2026-09-15,gwm30-22-op,28.53,-0.626
2026-09-16,gwm30-22-op,28.527,-0.629
2026-09-17,gwm30-22-op,28.519,-0.637
2026-09-18,gwm30-22-op,28.514000000000003,-0.642
2026-09-19,gwm30-22-op,28.506,-0.65
2026-09-20,gwm30-22-op,28.498,-0.658
2026-09-21,gwm30-22-op,28.491,-0.665
2026-09-22,gwm30-22-op,28.48,-0.676
2025-03-01,gwm32-22-op,28.307,0.0
2025-03-02,gwm32-22-op,28.288,-0.019
2025-03-04,gwm32-22-op,28.279,-0.028
2025-03-05,gwm32-22-op,28.266,-0.041
2025-03-06,gwm32-22-op,28.254999999999995,-0.052
2025-03-07,gwm32-22-op,28.248,-0.059
2025-03-08,gwm32-22-op,28.236,-0.071
2025-03-09,gwm32-22-op,28.227,-0.08
2025-03-10,gwm32-22-op,28.221,-0.086
2025-03-11,gwm32-22-op,28.215,-0.092
2025-03-12,gwm32-22-op,28.2,-0.107
2025-03-13,gwm32-22-op,28.189,-0.118
2025-03-14,gwm32-22-op,28.174,-0.133
2025-03-15,gwm32-22-op,28.151,-0.156
2025-03-16,gwm32-22-op,28.122,-0.185
2025-03-17,gwm32-22-op,28.098,-0.209
2025-03-18,gwm32-22-op,28.059,-0.248
2025-03-19,gwm32-22-op,28.026,-0.281
2025-03-20,gwm32-22-op,27.988,-0.319
2025-03-21,gwm32-22-op,27.952,-0.355
2025-03-22,gwm32-22-op,27.921,-0.386
2025-03-23,gwm32-22-op,27.896,-0.411
2025-03-24,gwm32-22-op,27.875,-0.432
2025-03-25,gwm32-22-op,27.845,-0.462
2025-03-26,gwm32-22-op,27.812,-0.495
2025-03-27,gwm32-22-op,27.776,-0.531
2025-03-28,gwm32-22-op,27.74,-0.567
2025-03-29,gwm32-22-op,27.707,-0.6
2025-03-30,gwm32-22-op,27.673,-0.634
2025-03-31,gwm32-22-op,27.643,-0.664
2025-04-01,gwm32-22-op,27.606,-0.701
2025-04-02,gwm32-22-op,27.577,-0.73
2025-04-03,gwm32-22-op,27.551,-0.756
2025-04-04,gwm32-22-op,27.522,-0.785
2025-04-05,gwm32-22-op,27.497,-0.81
2025-04-06,gwm32-22-op,27.473,-0.834
2025-04-07,gwm32-22-op,27.446,-0.861
2025-04-08,gwm32-22-op,27.425,-0.882
2025-04-09,gwm32-22-op,27.402,-0.905
2025-04-10,gwm32-22-op,27.378,-0.929
2025-04-11,gwm32-22-op,27.352,-0.955
2025-04-12,gwm32-22-op,27.327,-0.98
2025-04-13,gwm32-22-op,27.305,-1.002
2025-04-14,gwm32-22-op,27.284,-1.023
2025-04-15,gwm32-22-op,27.259,-1.048
2025-04-16,gwm32-22-op,27.244,-1.063
2025-04-17,gwm32-22-op,27.22,-1.087
2025-04-18,gwm32-22-op,27.199,-1.108
2025-04-19,gwm32-22-op,27.177,-1.13
2025-04-20,gwm32-22-op,27.158,-1.149
2025-04-21,gwm32-22-op,27.149,-1.158
2025-04-22,gwm32-22-op,27.135,-1.172
2025-04-23,gwm32-22-op,27.126,-1.181
2025-04-24,gwm32-22-op,27.114,-1.193
2025-04-25,gwm32-22-op,27.104,-1.203
2025-04-26,gwm32-22-op,27.096,-1.211
2025-04-27,gwm32-22-op,27.084,-1.223
2025-04-28,gwm32-22-op,27.082,-1.225
2025-04-29,gwm32-22-op,27.083,-1.224
2025-04-30,gwm32-22-op,27.078,-1.229
2025-05-01,gwm32-22-op,27.074,-1.233
2025-05-02,gwm32-22-op,27.076,-1.231
2025-05-03,gwm32-22-op,27.083,-1.224
2025-05-04,gwm32-22-op,27.092,-1.215
2025-05-06,gwm32-22-op,27.11,-1.197
2025-05-07,gwm32-22-op,27.123999999999995,-1.183
2025-05-08,gwm32-22-op,27.129999999999995,-1.177
2025-05-09,gwm32-22-op,27.134,-1.173
2025-05-10,gwm32-22-op,27.146,-1.161
2025-05-11,gwm32-22-op,27.155,-1.152
2025-05-12,gwm32-22-op,27.165,-1.142
2025-05-13,gwm32-22-op,27.174,-1.133
2025-05-14,gwm32-22-op,27.182,-1.125
2025-05-15,gwm32-22-op,27.193,-1.114
2025-05-16,gwm32-22-op,27.192,-1.115
2025-05-17,gwm32-22-op,27.199,-1.108
2025-05-18,gwm32-22-op,27.212,-1.095
2025-05-19,gwm32-22-op,27.225,-1.082
2025-05-20,gwm32-22-op,27.242,-1.065
2025-05-21,gwm32-22-op,27.258,-1.049
2025-05-22,gwm32-22-op,27.274,-1.033
2025-05-23,gwm32-22-op,27.279,-1.028
2025-05-24,gwm32-22-op,27.279,-1.028
2025-05-25,gwm32-22-op,27.283,-1.024
2025-05-26,gwm32-22-op,27.295,-1.012
2025-05-27,gwm32-22-op,27.303,-1.004
2025-05-28,gwm32-22-op,27.311,-0.996
2025-05-29,gwm32-22-op,27.323,-0.984
2025-05-30,gwm32-22-op,27.325,-0.982
2025-05-31,gwm32-22-op,27.329,-0.978
2025-06-01,gwm32-22-op,27.332,-0.975
2025-06-02,gwm32-22-op,27.339,-0.968
2025-06-03,gwm32-22-op,27.344,-0.963
2025-06-05,gwm32-22-op,27.364,-0.943
2025-06-06,gwm32-22-op,27.372,-0.935
2025-06-07,gwm32-22-op,27.378,-0.929
2025-06-08,gwm32-22-op,27.381,-0.926
2025-06-09,gwm32-22-op,27.387,-0.92
2025-06-10,gwm32-22-op,27.39,-0.917
2025-06-11,gwm32-22-op,27.406,-0.901
2025-06-12,gwm32-22-op,27.419,-0.888
2025-06-13,gwm32-22-op,27.432,-0.875
2025-06-14,gwm32-22-op,27.445,-0.862
2025-06-15,gwm32-22-op,27.463,-0.844
2025-06-16,gwm32-22-op,27.477,-0.83
2025-06-17,gwm32-22-op,27.487,-0.82
2025-06-18,gwm32-22-op,27.498,-0.809
2025-06-19,gwm32-22-op,27.507,-0.8
2025-06-20,gwm32-22-op,27.507,-0.8
2025-06-21,gwm32-22-op,27.515,-0.792
2025-06-22,gwm32-22-op,27.527,-0.78
2025-06-23,gwm32-22-op,27.531,-0.776
2025-06-24,gwm32-22-op,27.531,-0.776
2025-06-25,gwm32-22-op,27.521,-0.786
2025-06-26,gwm32-22-op,27.521,-0.786
2025-06-27,gwm32-22-op,27.525,-0.782
2025-06-28,gwm32-22-op,27.517,-0.79
2025-06-29,gwm32-22-op,27.527,-0.78
2025-06-30,gwm32-22-op,27.532,-0.775
2025-07-01,gwm32-22-op,27.528,-0.779
2025-07-02,gwm32-22-op,27.522,-0.785
2025-07-03,gwm32-22-op,27.511,-0.796
2025-07-04,gwm32-22-op,27.486,-0.821
2025-07-05,gwm32-22-op,27.466,-0.841
2025-07-06,gwm32-22-op,27.465,-0.842
2025-07-07,gwm32-22-op,27.46,-0.847
2025-07-08,gwm32-22-op,27.452,-0.855
2025-07-09,gwm32-22-op,27.437,-0.87
2025-07-10,gwm32-22-op,27.426,-0.881
2025-07-11,gwm32-22-op,27.414,-0.893
2025-07-12,gwm32-22-op,27.414,-0.893
2025-07-13,gwm32-22-op,27.421,-0.886
2025-07-14,gwm32-22-op,27.427,-0.88
2025-07-15,gwm32-22-op,27.439,-0.868
2025-07-16,gwm32-22-op,27.45,-0.857
2025-07-17,gwm32-22-op,27.467,-0.84
2025-07-18,gwm32-22-op,27.474,-0.833
2025-07-19,gwm32-22-op,27.477,-0.83
2025-07-20,gwm32-22-op,27.48,-0.827
2025-07-21,gwm32-22-op,27.488,-0.819
2025-07-22,gwm32-22-op,27.497,-0.81
2025-07-23,gwm32-22-op,27.504,-0.803
2025-07-24,gwm32-22-op,27.513,-0.794
2025-07-25,gwm32-22-op,27.521,-0.786
2025-07-26,gwm32-22-op,27.534,-0.773
2025-07-27,gwm32-22-op,27.547,-0.76
2025-07-28,gwm32-22-op,27.555,-0.752
2025-07-29,gwm32-22-op,27.555,-0.752
2025-07-30,gwm32-22-op,27.557,-0.75
2025-07-31,gwm32-22-op,27.562999999999995,-0.744
2025-08-01,gwm32-22-op,27.573,-0.734
2025-08-02,gwm32-22-op,27.577,-0.73
2025-08-03,gwm32-22-op,27.587,-0.72
2025-08-04,gwm32-22-op,27.598,-0.709
2025-08-05,gwm32-22-op,27.618,-0.689
2025-08-06,gwm32-22-op,27.638,-0.669
2025-08-07,gwm32-22-op,27.655,-0.652
2025-08-08,gwm32-22-op,27.669,-0.638
2025-08-09,gwm32-22-op,27.683,-0.624
2025-08-11,gwm32-22-op,27.698,-0.609
2025-08-13,gwm32-22-op,27.729,-0.578
2025-08-15,gwm32-22-op,27.748,-0.559
2025-08-16,gwm32-22-op,27.751,-0.556
2025-08-19,gwm32-22-op,27.76,-0.547
2025-08-21,gwm32-22-op,27.775,-0.532
2025-08-22,gwm32-22-op,27.781,-0.526
2025-08-23,gwm32-22-op,27.782,-0.525
2025-08-24,gwm32-22-op,27.789,-0.518
2025-08-25,gwm32-22-op,27.801,-0.506
2025-08-26,gwm32-22-op,27.812,-0.495
2025-08-27,gwm32-22-op,27.824,-0.483
2025-08-28,gwm32-22-op,27.827,-0.48
2025-08-29,gwm32-22-op,27.829,-0.478
2025-08-30,gwm32-22-op,27.831,-0.476
2025-08-31,gwm32-22-op,27.834,-0.473
2025-09-01,gwm32-22-op,27.84,-0.467
2025-09-02,gwm32-22-op,27.847,-0.46
2025-09-03,gwm32-22-op,27.855,-0.452
2025-09-04,gwm32-22-op,27.855,-0.452
2025-09-05,gwm32-22-op,27.856,-0.451
2025-09-06,gwm32-22-op,27.847,-0.46
2025-09-07,gwm32-22-op,27.836,-0.471
2025-09-08,gwm32-22-op,27.838,-0.469
2025-09-09,gwm32-22-op,27.839,-0.468
2025-09-10,gwm32-22-op,27.838,-0.469
2025-09-11,gwm32-22-op,27.836,-0.471
2025-09-12,gwm32-22-op,27.831,-0.476
2025-09-13,gwm32-22-op,27.822,-0.485
2025-09-14,gwm32-22-op,27.826,-0.481
2025-09-15,gwm32-22-op,27.822,-0.485
2025-09-16,gwm32-22-op,27.819,-0.488
2025-09-17,gwm32-22-op,27.802,-0.505
2025-09-18,gwm32-22-op,27.784,-0.523
2025-09-19,gwm32-22-op,27.777,-0.53
2025-09-20,gwm32-22-op,27.765,-0.542
2025-09-21,gwm32-22-op,27.763,-0.544
2025-09-22,gwm32-22-op,27.753,-0.554
2025-09-23,gwm32-22-op,27.739,-0.568
2025-09-24,gwm32-22-op,27.731,-0.576
2025-09-25,gwm32-22-op,27.721,-0.586
2025-09-26,gwm32-22-op,27.716,-0.591
2025-09-27,gwm32-22-op,27.708,-0.599
2025-09-28,gwm32-22-op,27.699,-0.608
2025-09-29,gwm32-22-op,27.694,-0.613
2025-09-30,gwm32-22-op,27.685,-0.622
2025-10-01,gwm32-22-op,27.676,-0.631
2025-10-02,gwm32-22-op,27.663,-0.644
2025-10-03,gwm32-22-op,27.655,-0.652
2025-10-04,gwm32-22-op,27.65,-0.657
2025-10-05,gwm32-22-op,27.665,-0.642
2025-10-06,gwm32-22-op,27.644,-0.663
2025-10-07,gwm32-22-op,27.637,-0.67
2025-10-08,gwm32-22-op,27.628,-0.679
2025-10-09,gwm32-22-op,27.629999999999995,-0.677
2025-10-10,gwm32-22-op,27.629,-0.678
2025-10-11,gwm32-22-op,27.621,-0.686
2025-10-12,gwm32-22-op,27.614,-0.693
2025-10-13,gwm32-22-op,27.608,-0.699
2025-10-14,gwm32-22-op,27.597,-0.71
2025-10-15,gwm32-22-op,27.602,-0.705
2025-10-16,gwm32-22-op,27.597,-0.71
2025-10-17,gwm32-22-op,27.589,-0.718
2025-10-18,gwm32-22-op,27.577,-0.73
2025-10-19,gwm32-22-op,27.56,-0.747
2025-10-20,gwm32-22-op,27.548,-0.759
2025-10-21,gwm32-22-op,27.537,-0.77
2025-10-22,gwm32-22-op,27.524,-0.783
2025-10-23,gwm32-22-op,27.507,-0.8
2025-10-24,gwm32-22-op,27.492,-0.815
2025-10-25,gwm32-22-op,27.464,-0.843
2025-10-26,gwm32-22-op,27.437,-0.87
2025-10-27,gwm32-22-op,27.412,-0.895
2025-10-28,gwm32-22-op,27.394,-0.913
2025-10-29,gwm32-22-op,27.371,-0.936
2025-10-30,gwm32-22-op,27.345,-0.962
2025-10-31,gwm32-22-op,27.328,-0.979
2025-11-01,gwm32-22-op,27.308,-0.999
2025-11-02,gwm32-22-op,27.295,-1.012
2025-11-03,gwm32-22-op,27.281,-1.026
2025-11-04,gwm32-22-op,27.266,-1.041
2025-11-05,gwm32-22-op,27.26,-1.047
2025-11-06,gwm32-22-op,27.266,-1.041
2025-11-07,gwm32-22-op,27.256,-1.051
2025-11-08,gwm32-22-op,27.243,-1.064
2025-11-10,gwm32-22-op,27.217,-1.09
2025-11-11,gwm32-22-op,27.203,-1.104
2025-11-12,gwm32-22-op,27.212,-1.095
2025-11-13,gwm32-22-op,27.236,-1.071
2025-11-14,gwm32-22-op,27.259,-1.048
2025-11-15,gwm32-22-op,27.279,-1.028
2025-11-16,gwm32-22-op,27.294,-1.013
2025-11-17,gwm32-22-op,27.311,-0.996
2025-11-18,gwm32-22-op,27.321,-0.986
2025-11-19,gwm32-22-op,27.312999999999995,-0.994
2025-11-20,gwm32-22-op,27.305,-1.002
2025-11-21,gwm32-22-op,27.296,-1.011
2025-11-22,gwm32-22-op,27.275,-1.032
2025-11-23,gwm32-22-op,27.269,-1.038
2025-11-24,gwm32-22-op,27.267,-1.04
2025-11-25,gwm32-22-op,27.259,-1.048
2025-11-26,gwm32-22-op,27.233,-1.074
2025-11-27,gwm32-22-op,27.208,-1.099
2025-11-28,gwm32-22-op,27.186,-1.121
2025-11-29,gwm32-22-op,27.16,-1.147
2025-11-30,gwm32-22-op,27.136,-1.171
2025-12-01,gwm32-22-op,27.108,-1.199
2025-12-02,gwm32-22-op,27.073,-1.234
2025-12-03,gwm32-22-op,27.04,-1.267
2025-12-04,gwm32-22-op,27.001,-1.306
2025-12-05,gwm32-22-op,26.963,-1.344
2025-12-06,gwm32-22-op,26.928,-1.379
2025-12-07,gwm32-22-op,26.902,-1.405
2025-12-08,gwm32-22-op,26.875,-1.432
2025-12-09,gwm32-22-op,26.845,-1.462
2025-12-10,gwm32-22-op,26.819,-1.488
2025-12-11,gwm32-22-op,26.791,-1.516
2025-12-12,gwm32-22-op,26.765,-1.542
2025-12-13,gwm32-22-op,26.74,-1.567
2025-12-14,gwm32-22-op,26.718,-1.589
2025-12-15,gwm32-22-op,26.696,-1.611
2025-12-16,gwm32-22-op,26.673,-1.634
2025-12-17,gwm32-22-op,26.652,-1.655
2025-12-18,gwm32-22-op,26.634,-1.673
2025-12-19,gwm32-22-op,26.614,-1.693
2025-12-20,gwm32-22-op,26.601,-1.706
2025-12-21,gwm32-22-op,26.591,-1.716
2025-12-22,gwm32-22-op,26.593,-1.714
2025-12-23,gwm32-22-op,26.6,-1.707
2025-12-24,gwm32-22-op,26.602,-1.705
2025-12-25,gwm32-22-op,26.608,-1.699
2025-12-26,gwm32-22-op,26.617,-1.69
2025-12-27,gwm32-22-op,26.628,-1.679
2025-12-28,gwm32-22-op,26.642,-1.665
2025-12-29,gwm32-22-op,26.646,-1.661
2025-12-30,gwm32-22-op,26.655,-1.652
2025-12-31,gwm32-22-op,26.662,-1.645
2026-01-01,gwm32-22-op,26.674,-1.633
2026-01-02,gwm32-22-op,26.689,-1.618
2026-01-03,gwm32-22-op,26.7,-1.607
2026-01-04,gwm32-22-op,26.712,-1.595
2026-01-05,gwm32-22-op,26.729,-1.578
2026-01-06,gwm32-22-op,26.74,-1.567
2026-01-07,gwm32-22-op,26.751999999999995,-1.555
2026-01-08,gwm32-22-op,26.761,-1.546
2026-01-09,gwm32-22-op,26.772,-1.535
2026-01-10,gwm32-22-op,26.781,-1.526
2026-01-11,gwm32-22-op,26.787,-1.52
2026-01-12,gwm32-22-op,26.787,-1.52
2026-01-13,gwm32-22-op,26.795,-1.512
2026-01-14,gwm32-22-op,26.8,-1.507
2026-01-15,gwm32-22-op,26.807,-1.5
2026-01-16,gwm32-22-op,26.803,-1.504
2026-01-17,gwm32-22-op,26.795,-1.512
2026-01-18,gwm32-22-op,26.8,-1.507
2026-01-19,gwm32-22-op,26.811,-1.496
2026-01-20,gwm32-22-op,26.821,-1.486
2026-01-21,gwm32-22-op,26.827,-1.48
2026-01-22,gwm32-22-op,26.835,-1.472
2026-01-23,gwm32-22-op,26.836,-1.471
2026-01-24,gwm32-22-op,26.835,-1.472
2026-01-25,gwm32-22-op,26.831,-1.476
2026-01-26,gwm32-22-op,26.839,-1.468
2026-01-27,gwm32-22-op,26.846,-1.461
2026-01-28,gwm32-22-op,26.848,-1.459
2026-01-29,gwm32-22-op,26.852,-1.455
2026-01-30,gwm32-22-op,26.853,-1.454
2026-01-31,gwm32-22-op,26.848,-1.459
2026-02-01,gwm32-22-op,26.838,-1.469
2026-02-02,gwm32-22-op,26.838,-1.469
2026-02-03,gwm32-22-op,26.843,-1.464
2026-02-04,gwm32-22-op,26.85,-1.457
2026-02-05,gwm32-22-op,26.862,-1.445
2026-02-06,gwm32-22-op,26.879,-1.428
2026-02-07,gwm32-22-op,26.891,-1.416
2026-02-08,gwm32-22-op,26.896,-1.411
2026-02-09,gwm32-22-op,26.897,-1.41
2026-02-10,gwm32-22-op,26.904,-1.403
2026-02-11,gwm32-22-op,26.91,-1.397
2026-02-12,gwm32-22-op,26.921,-1.386
2026-02-13,gwm32-22-op,26.925,-1.382
2026-02-14,gwm32-22-op,26.929,-1.378
2026-02-15,gwm32-22-op,26.935,-1.372
2026-02-16,gwm32-22-op,26.947,-1.36
2026-02-17,gwm32-22-op,26.965,-1.342
2026-02-18,gwm32-22-op,26.969,-1.338
2026-02-19,gwm32-22-op,26.971,-1.336
2026-02-20,gwm32-22-op,26.978,-1.329
2026-02-21,gwm32-22-op,26.977,-1.33
2026-02-22,gwm32-22-op,26.975,-1.332
2026-02-23,gwm32-22-op,26.97,-1.337
2026-02-24,gwm32-22-op,26.961,-1.346
2026-02-25,gwm32-22-op,26.94,-1.367
2026-02-26,gwm32-22-op,26.926,-1.381
2026-02-27,gwm32-22-op,26.92,-1.387
2026-02-28,gwm32-22-op,26.914,-1.393
2026-03-01,gwm32-22-op,26.905,-1.402
2026-03-02,gwm32-22-op,26.896,-1.411
2026-03-03,gwm32-22-op,26.894,-1.413
2026-03-04,gwm32-22-op,26.884,-1.423
2026-03-05,gwm32-22-op,26.868,-1.439
2026-03-06,gwm32-22-op,26.855,-1.452
2026-03-07,gwm32-22-op,26.838,-1.469
2026-03-08,gwm32-22-op,26.819,-1.488
2026-03-09,gwm32-22-op,26.8,-1.507
2026-03-10,gwm32-22-op,26.785,-1.522
2026-03-11,gwm32-22-op,26.765,-1.542
2026-03-12,gwm32-22-op,26.745,-1.562
2026-03-13,gwm32-22-op,26.716,-1.591
2026-03-14,gwm32-22-op,26.69,-1.617
2026-03-15,gwm32-22-op,26.665,-1.642
2026-03-16,gwm32-22-op,26.636,-1.671
2026-03-17,gwm32-22-op,26.612,-1.695
2026-03-18,gwm32-22-op,26.582,-1.725
2026-03-19,gwm32-22-op,26.557,-1.75
2026-03-20,gwm32-22-op,26.534,-1.773
2026-03-21,gwm32-22-op,26.507,-1.8
2026-03-22,gwm32-22-op,26.48,-1.827
2026-03-23,gwm32-22-op,26.456,-1.851
2026-03-24,gwm32-22-op,26.431,-1.876
2026-03-25,gwm32-22-op,26.409,-1.898
2026-03-26,gwm32-22-op,26.391,-1.916
2026-03-27,gwm32-22-op,26.383,-1.924
2026-03-28,gwm32-22-op,26.37,-1.937
2026-03-29,gwm32-22-op,26.358,-1.949
2026-03-30,gwm32-22-op,26.342,-1.965
2026-03-31,gwm32-22-op,26.326,-1.981
2026-04-01,gwm32-22-op,26.307,-2.0
2026-04-02,gwm32-22-op,26.29,-2.017
2026-04-03,gwm32-22-op,26.273,-2.034
2026-04-04,gwm32-22-op,26.259,-2.048
2026-04-05,gwm32-22-op,26.25,-2.057
2026-04-06,gwm32-22-op,26.239,-2.068
2026-04-07,gwm32-22-op,26.225,-2.082
2026-04-08,gwm32-22-op,26.215,-2.092
2026-04-09,gwm32-22-op,26.208,-2.099
2026-04-10,gwm32-22-op,26.201,-2.106
2026-04-11,gwm32-22-op,26.204,-2.103
2026-04-12,gwm32-22-op,26.205,-2.102
2026-04-13,gwm32-22-op,26.197,-2.11
2026-04-14,gwm32-22-op,26.190999999999995,-2.116
2026-04-15,gwm32-22-op,26.185,-2.122
2026-04-16,gwm32-22-op,26.183,-2.124
2026-04-17,gwm32-22-op,26.181,-2.126
2026-04-18,gwm32-22-op,26.181,-2.126
2026-04-19,gwm32-22-op,26.182,-2.125
2026-04-20,gwm32-22-op,26.183,-2.124
2026-04-21,gwm32-22-op,26.184,-2.123
2026-04-22,gwm32-22-op,26.193,-2.114
2026-04-23,gwm32-22-op,26.21,-2.097
2026-04-24,gwm32-22-op,26.228,-2.079
2026-04-25,gwm32-22-op,26.253,-2.054
2026-04-26,gwm32-22-op,26.278,-2.029
2026-04-28,gwm32-22-op,26.338,-1.969
2026-04-29,gwm32-22-op,26.363,-1.944
2026-04-30,gwm32-22-op,26.387,-1.92
2026-05-01,gwm32-22-op,26.413,-1.894
2026-05-02,gwm32-22-op,26.447,-1.86
2026-05-03,gwm32-22-op,26.477,-1.83
2026-05-05,gwm32-22-op,26.536,-1.771
2026-05-06,gwm32-22-op,26.565999999999995,-1.741
2026-05-07,gwm32-22-op,26.596,-1.711
2026-05-09,gwm32-22-op,26.668,-1.639
2026-05-10,gwm32-22-op,26.698,-1.609
2026-05-12,gwm32-22-op,26.764,-1.543
2026-05-13,gwm32-22-op,26.791,-1.516
2026-05-14,gwm32-22-op,26.826,-1.481
2026-05-15,gwm32-22-op,26.862,-1.445
2026-05-16,gwm32-22-op,26.896,-1.411
2026-05-17,gwm32-22-op,26.926,-1.381
2026-05-19,gwm32-22-op,26.996,-1.311
2026-05-20,gwm32-22-op,27.028,-1.279
2026-05-21,gwm32-22-op,27.058,-1.249
2026-05-22,gwm32-22-op,27.08,-1.227
2026-05-23,gwm32-22-op,27.1,-1.207
2026-05-24,gwm32-22-op,27.121,-1.186
2026-05-26,gwm32-22-op,27.155,-1.152
2026-05-27,gwm32-22-op,27.174,-1.133
2026-05-28,gwm32-22-op,27.19,-1.117
2026-05-29,gwm32-22-op,27.2,-1.107
2026-05-30,gwm32-22-op,27.212,-1.095
2026-05-31,gwm32-22-op,27.227,-1.08
2026-06-02,gwm32-22-op,27.261,-1.046
2026-06-03,gwm32-22-op,27.283,-1.024
2026-06-04,gwm32-22-op,27.299,-1.008
2026-06-05,gwm32-22-op,27.319,-0.988
2026-06-06,gwm32-22-op,27.337,-0.97
2026-06-07,gwm32-22-op,27.363,-0.944
2026-06-08,gwm32-22-op,27.386,-0.921
2026-06-09,gwm32-22-op,27.412,-0.895
2026-06-10,gwm32-22-op,27.429,-0.878
2026-06-11,gwm32-22-op,27.444,-0.863
2026-06-12,gwm32-22-op,27.457,-0.85
2026-06-13,gwm32-22-op,27.471,-0.836
2026-06-14,gwm32-22-op,27.487,-0.82
2026-06-16,gwm32-22-op,27.519,-0.788
2026-06-17,gwm32-22-op,27.531,-0.776
2026-06-18,gwm32-22-op,27.539,-0.768
2026-06-19,gwm32-22-op,27.541,-0.766
2026-06-20,gwm32-22-op,27.54,-0.767
2026-06-21,gwm32-22-op,27.544,-0.763
2026-06-23,gwm32-22-op,27.57,-0.737
2026-06-24,gwm32-22-op,27.588,-0.719
2026-06-25,gwm32-22-op,27.61,-0.697
2026-06-26,gwm32-22-op,27.625,-0.682
2026-06-27,gwm32-22-op,27.638,-0.669
2026-06-28,gwm32-22-op,27.652,-0.655
2026-06-30,gwm32-22-op,27.669,-0.638
2026-07-01,gwm32-22-op,27.68,-0.627
2026-07-02,gwm32-22-op,27.693,-0.614
2026-07-03,gwm32-22-op,27.706,-0.601
2026-07-04,gwm32-22-op,27.719,-0.588
2026-07-05,gwm32-22-op,27.734,-0.573
2026-07-07,gwm32-22-op,27.785,-0.522
2026-07-08,gwm32-22-op,27.806,-0.501
2026-07-09,gwm32-22-op,27.825,-0.482
2026-07-10,gwm32-22-op,27.844,-0.463
2026-07-11,gwm32-22-op,27.861,-0.446
2026-07-12,gwm32-22-op,27.872,-0.435
2026-07-13,gwm32-22-op,27.887,-0.42
2026-07-14,gwm32-22-op,27.899,-0.408
2026-07-15,gwm32-22-op,27.907,-0.4
2026-07-16,gwm32-22-op,27.913,-0.394
2026-07-17,gwm32-22-op,27.917,-0.39
2026-07-18,gwm32-22-op,27.927,-0.38
2026-07-19,gwm32-22-op,27.924,-0.383
2026-07-20,gwm32-22-op,27.921,-0.386
2026-07-21,gwm32-22-op,27.929,-0.378
2026-07-22,gwm32-22-op,27.935,-0.372
2026-07-23,gwm32-22-op,27.945,-0.362
2026-07-24,gwm32-22-op,27.947,-0.36
2026-07-25,gwm32-22-op,27.952,-0.355
2026-07-26,gwm32-22-op,27.962,-0.345
2026-07-27,gwm32-22-op,27.968,-0.339
2026-07-28,gwm32-22-op,27.95,-0.357
2026-07-29,gwm32-22-op,27.94,-0.367
2026-07-30,gwm32-22-op,27.945,-0.362
2026-07-31,gwm32-22-op,27.937,-0.37
2026-08-01,gwm32-22-op,27.917,-0.39
2026-08-02,gwm32-22-op,27.896,-0.411
2026-08-03,gwm32-22-op,27.887,-0.42
2026-08-04,gwm32-22-op,27.883,-0.424
2026-08-05,gwm32-22-op,27.873,-0.434
2026-08-06,gwm32-22-op,27.859,-0.448
2026-08-07,gwm32-22-op,27.84,-0.467
2026-08-08,gwm32-22-op,27.824,-0.483
2026-08-09,gwm32-22-op,27.81,-0.497
2026-08-10,gwm32-22-op,27.808,-0.499
2026-08-11,gwm32-22-op,27.799,-0.508
2026-08-12,gwm32-22-op,27.776,-0.531
2026-08-13,gwm32-22-op,27.758,-0.549
2026-08-14,gwm32-22-op,27.74,-0.567
2026-08-15,gwm32-22-op,27.726,-0.581
2026-08-16,gwm32-22-op,27.71,-0.597
2026-08-17,gwm32-22-op,27.689,-0.618
2026-08-18,gwm32-22-op,27.681,-0.626
2026-08-19,gwm32-22-op,27.676,-0.631
2026-08-20,gwm32-22-op,27.672,-0.635
2026-08-21,gwm32-22-op,27.658,-0.649
2026-08-22,gwm32-22-op,27.644,-0.663
2026-08-23,gwm32-22-op,27.626,-0.681
2026-08-24,gwm32-22-op,27.61,-0.697
2026-08-25,gwm32-22-op,27.596,-0.711
2026-08-26,gwm32-22-op,27.586,-0.721
2026-08-27,gwm32-22-op,27.569,-0.738
2026-08-28,gwm32-22-op,27.553,-0.754
2026-08-29,gwm32-22-op,27.536,-0.771
2026-08-31,gwm32-22-op,27.494,-0.813
2026-09-01,gwm32-22-op,27.473,-0.834
2026-09-02,gwm32-22-op,27.446,-0.861
2026-09-03,gwm32-22-op,27.421,-0.886
2026-09-04,gwm32-22-op,27.399,-0.908
2026-09-05,gwm32-22-op,27.376999999999995,-0.93
2026-09-06,gwm32-22-op,27.347,-0.96
2026-09-07,gwm32-22-op,27.32,-0.987
2026-09-08,gwm32-22-op,27.296,-1.011
2026-09-09,gwm32-22-op,27.277,-1.03
2026-09-10,gwm32-22-op,27.251,-1.056
2026-09-11,gwm32-22-op,27.224,-1.083
2026-09-12,gwm32-22-op,27.198,-1.109
2026-09-13,gwm32-22-op,27.172,-1.135
2026-09-14,gwm32-22-op,27.148,-1.159
2026-09-15,gwm32-22-op,27.126999999999995,-1.18
2026-09-16,gwm32-22-op,27.107,-1.2
2026-09-17,gwm32-22-op,27.086,-1.221
2026-09-18,gwm32-22-op,27.064,-1.243
2026-09-19,gwm32-22-op,27.046,-1.261
2026-09-20,gwm32-22-op,27.029,-1.278
2026-09-21,gwm32-22-op,27.014,-1.293
2026-09-22,gwm32-22-op,26.995,-1.312
2025-03-01,gwm36-23-op,30.294,0.0
2025-03-02,gwm36-23-op,30.276,-0.018
2025-03-03,gwm36-23-op,30.278,-0.016
2025-03-04,gwm36-23-op,30.289,-0.005
2025-03-05,gwm36-23-op,30.292,-0.002
2025-03-06,gwm36-23-op,30.292,-0.002
2025-03-07,gwm36-23-op,30.296,0.002
2025-03-08,gwm36-23-op,30.292,-0.002
2025-03-09,gwm36-23-op,30.296,0.002
2025-03-10,gwm36-23-op,30.314,0.02
2025-03-11,gwm36-23-op,30.319,0.025
2025-03-12,gwm36-23-op,30.308,0.014
2025-03-13,gwm36-23-op,30.306,0.012
2025-03-14,gwm36-23-op,30.306,0.012
2025-03-15,gwm36-23-op,30.276,-0.018
2025-03-16,gwm36-23-op,30.253,-0.041
2025-03-17,gwm36-23-op,30.26,-0.034
2025-03-18,gwm36-23-op,30.238,-0.056
2025-03-19,gwm36-23-op,30.241,-0.053
2025-03-20,gwm36-23-op,30.25,-0.044
2025-03-21,gwm36-23-op,30.257,-0.037
2025-03-22,gwm36-23-op,30.256,-0.038
2025-03-23,gwm36-23-op,30.269,-0.025
2025-03-24,gwm36-23-op,30.273,-0.021
2025-03-25,gwm36-23-op,30.252,-0.042
2025-03-26,gwm36-23-op,30.24,-0.054
2025-03-27,gwm36-23-op,30.233,-0.061
2025-03-28,gwm36-23-op,30.231,-0.063
2025-03-29,gwm36-23-op,30.253,-0.041
2025-03-30,gwm36-23-op,30.24,-0.054
2025-03-31,gwm36-23-op,30.255,-0.039
2025-04-01,gwm36-23-op,30.219,-0.075
2025-04-02,gwm36-23-op,30.215,-0.079
2025-04-03,gwm36-23-op,30.218,-0.076
2025-04-04,gwm36-23-op,30.218,-0.076
2025-04-05,gwm36-23-op,30.233,-0.061
2025-04-06,gwm36-23-op,30.227,-0.067
2025-04-07,gwm36-23-op,30.214,-0.08
2025-04-08,gwm36-23-op,30.213,-0.081
2025-04-09,gwm36-23-op,30.208,-0.086
2025-04-10,gwm36-23-op,30.221,-0.073
2025-04-11,gwm36-23-op,30.21,-0.084
2025-04-12,gwm36-23-op,30.223,-0.071
2025-04-13,gwm36-23-op,30.221,-0.073
2025-04-14,gwm36-23-op,30.237,-0.057
2025-04-15,gwm36-23-op,30.212,-0.082
2025-04-16,gwm36-23-op,30.23,-0.064
2025-04-17,gwm36-23-op,30.206,-0.088
2025-04-18,gwm36-23-op,30.211,-0.083
2025-04-19,gwm36-23-op,30.198,-0.096
2025-04-20,gwm36-23-op,30.198,-0.096
2025-04-21,gwm36-23-op,30.204,-0.09
2025-04-22,gwm36-23-op,30.193,-0.101
2025-04-23,gwm36-23-op,30.187,-0.107
2025-04-24,gwm36-23-op,30.191,-0.103
2025-04-25,gwm36-23-op,30.189,-0.105
2025-04-26,gwm36-23-op,30.181,-0.113
2025-04-27,gwm36-23-op,30.176,-0.118
2025-04-28,gwm36-23-op,30.175,-0.119
2025-04-29,gwm36-23-op,30.177,-0.117
2025-04-30,gwm36-23-op,30.175,-0.119
2025-05-01,gwm36-23-op,30.176,-0.118
2025-05-02,gwm36-23-op,30.178,-0.116
2025-05-03,gwm36-23-op,30.193,-0.101
2025-05-04,gwm36-23-op,30.191,-0.103
2025-05-05,gwm36-23-op,30.177,-0.117
2025-05-06,gwm36-23-op,30.166,-0.128
2025-05-07,gwm36-23-op,30.168,-0.126
2025-05-08,gwm36-23-op,30.16,-0.134
2025-05-09,gwm36-23-op,30.16,-0.134
2025-05-10,gwm36-23-op,30.156,-0.138
2025-05-11,gwm36-23-op,30.152,-0.142
2025-05-12,gwm36-23-op,30.156,-0.138
2025-05-13,gwm36-23-op,30.15,-0.144
2025-05-14,gwm36-23-op,30.148,-0.146
2025-05-15,gwm36-23-op,30.16,-0.134
2025-05-16,gwm36-23-op,30.141,-0.153
2025-05-17,gwm36-23-op,30.144,-0.15
2025-05-18,gwm36-23-op,30.144,-0.15
2025-05-19,gwm36-23-op,30.138,-0.156
2025-05-20,gwm36-23-op,30.126,-0.168
2025-05-21,gwm36-23-op,30.135,-0.159
2025-05-22,gwm36-23-op,30.141,-0.153
2025-05-23,gwm36-23-op,30.13,-0.164
2025-05-24,gwm36-23-op,30.119,-0.175
2025-05-25,gwm36-23-op,30.117,-0.177
2025-05-26,gwm36-23-op,30.124,-0.17
2025-05-27,gwm36-23-op,30.11,-0.184
2025-05-28,gwm36-23-op,30.11,-0.184
2025-05-29,gwm36-23-op,30.12,-0.174
2025-05-30,gwm36-23-op,30.1,-0.194
2025-05-31,gwm36-23-op,30.103,-0.191
2025-06-01,gwm36-23-op,30.1,-0.194
2025-06-02,gwm36-23-op,30.112,-0.182
2025-06-03,gwm36-23-op,30.099,-0.195
2025-06-04,gwm36-23-op,30.102,-0.192
2025-06-05,gwm36-23-op,30.105,-0.189
2025-06-06,gwm36-23-op,30.093,-0.201
2025-06-07,gwm36-23-op,30.093,-0.201
2025-06-08,gwm36-23-op,30.094,-0.2
2025-06-09,gwm36-23-op,30.092,-0.202
2025-06-10,gwm36-23-op,30.075,-0.219
2025-06-11,gwm36-23-op,30.099,-0.195
2025-06-12,gwm36-23-op,30.075,-0.219
2025-06-13,gwm36-23-op,30.074,-0.22
2025-06-14,gwm36-23-op,30.073,-0.221
2025-06-15,gwm36-23-op,30.084,-0.21
2025-06-16,gwm36-23-op,30.09,-0.204
2025-06-17,gwm36-23-op,30.067,-0.227
2025-06-18,gwm36-23-op,30.069,-0.225
2025-06-19,gwm36-23-op,30.072,-0.222
2025-06-20,gwm36-23-op,30.063,-0.231
2025-06-21,gwm36-23-op,30.061,-0.233
2025-06-22,gwm36-23-op,30.066,-0.228
2025-06-23,gwm36-23-op,30.076,-0.218
2025-06-24,gwm36-23-op,30.086,-0.208
2025-06-25,gwm36-23-op,30.064,-0.23
2025-06-26,gwm36-23-op,30.057,-0.237
2025-06-27,gwm36-23-op,30.064,-0.23
2025-06-28,gwm36-23-op,30.041,-0.253
2025-06-29,gwm36-23-op,30.047,-0.247
2025-06-30,gwm36-23-op,30.042,-0.252
2025-07-01,gwm36-23-op,30.038,-0.256
2025-07-02,gwm36-23-op,30.04,-0.254
2025-07-03,gwm36-23-op,30.04,-0.254
2025-07-04,gwm36-23-op,30.025,-0.269
2025-07-05,gwm36-23-op,30.023,-0.271
2025-07-06,gwm36-23-op,30.044,-0.25
2025-07-07,gwm36-23-op,30.046,-0.248
2025-07-08,gwm36-23-op,30.041,-0.253
2025-07-09,gwm36-23-op,30.015,-0.279
2025-07-10,gwm36-23-op,30.007,-0.287
2025-07-11,gwm36-23-op,30.003,-0.291
2025-07-12,gwm36-23-op,30.015,-0.279
2025-07-13,gwm36-23-op,30.017,-0.277
2025-07-14,gwm36-23-op,30.007,-0.287
2025-07-15,gwm36-23-op,30.003,-0.291
2025-07-16,gwm36-23-op,30.001,-0.293
2025-07-17,gwm36-23-op,30.012,-0.282
2025-07-18,gwm36-23-op,30.004,-0.29
2025-07-19,gwm36-23-op,30.001,-0.293
2025-07-20,gwm36-23-op,30.011,-0.283
2025-07-21,gwm36-23-op,30.02,-0.274
2025-07-22,gwm36-23-op,30.017,-0.277
2025-07-23,gwm36-23-op,30.017,-0.277
2025-07-24,gwm36-23-op,30.028,-0.266
2025-07-25,gwm36-23-op,30.033,-0.261
2025-07-26,gwm36-23-op,30.045,-0.249
2025-07-27,gwm36-23-op,30.055,-0.239
2025-07-28,gwm36-23-op,30.072,-0.222
2025-07-29,gwm36-23-op,30.074,-0.22
2025-07-30,gwm36-23-op,30.075,-0.219
2025-07-31,gwm36-23-op,30.079,-0.215
2025-08-01,gwm36-23-op,30.085,-0.209
2025-08-02,gwm36-23-op,30.092,-0.202
2025-08-03,gwm36-23-op,30.09,-0.204
2025-08-04,gwm36-23-op,30.085,-0.209
2025-08-05,gwm36-23-op,30.09,-0.204
2025-08-06,gwm36-23-op,30.091,-0.203
2025-08-08,gwm36-23-op,30.099,-0.195
2025-08-09,gwm36-23-op,30.1,-0.194
2025-08-10,gwm36-23-op,30.099,-0.195
2025-08-13,gwm36-23-op,30.1,-0.194
2025-08-15,gwm36-23-op,30.095,-0.199
2025-08-16,gwm36-23-op,30.095,-0.199
2025-08-17,gwm36-23-op,30.088,-0.206
2025-08-19,gwm36-23-op,30.081,-0.213
2025-08-20,gwm36-23-op,30.093,-0.201
2025-08-21,gwm36-23-op,30.093,-0.201
2025-08-22,gwm36-23-op,30.09,-0.204
2025-08-23,gwm36-23-op,30.074,-0.22
2025-08-24,gwm36-23-op,30.071,-0.223
2025-08-25,gwm36-23-op,30.062,-0.232
2025-08-26,gwm36-23-op,30.063,-0.231
2025-08-27,gwm36-23-op,30.067,-0.227
2025-08-28,gwm36-23-op,30.072,-0.222
2025-08-29,gwm36-23-op,30.072,-0.222
2025-08-30,gwm36-23-op,30.069,-0.225
2025-08-31,gwm36-23-op,30.055,-0.239
2025-09-01,gwm36-23-op,30.049,-0.245
2025-09-02,gwm36-23-op,30.057,-0.237
2025-09-03,gwm36-23-op,30.049,-0.245
2025-09-04,gwm36-23-op,30.047,-0.247
2025-09-05,gwm36-23-op,30.041,-0.253
2025-09-06,gwm36-23-op,30.028,-0.266
2025-09-07,gwm36-23-op,30.021,-0.273
2025-09-08,gwm36-23-op,30.031,-0.263
2025-09-09,gwm36-23-op,30.038,-0.256
2025-09-10,gwm36-23-op,30.044,-0.25
2025-09-11,gwm36-23-op,30.049,-0.245
2025-09-12,gwm36-23-op,30.049,-0.245
2025-09-13,gwm36-23-op,30.025,-0.269
2025-09-14,gwm36-23-op,30.028,-0.266
2025-09-15,gwm36-23-op,30.034,-0.26
2025-09-16,gwm36-23-op,30.045,-0.249
2025-09-17,gwm36-23-op,30.031,-0.263
2025-09-18,gwm36-23-op,30.018,-0.276
2025-09-19,gwm36-23-op,30.019,-0.275
2025-09-20,gwm36-23-op,30.013,-0.281
2025-09-21,gwm36-23-op,30.037,-0.257
2025-09-22,gwm36-23-op,30.037,-0.257
2025-09-23,gwm36-23-op,30.011,-0.283
2025-09-24,gwm36-23-op,30.007,-0.287
2025-09-25,gwm36-23-op,30.005,-0.289
2025-09-26,gwm36-23-op,30.005,-0.289
2025-09-27,gwm36-23-op,30.005,-0.289
2025-09-28,gwm36-23-op,30.005,-0.289
2025-09-29,gwm36-23-op,30.004,-0.29
2025-09-30,gwm36-23-op,30.001,-0.293
2025-10-01,gwm36-23-op,29.992,-0.302
2025-10-02,gwm36-23-op,29.987,-0.307
2025-10-03,gwm36-23-op,29.992,-0.302
2025-10-04,gwm36-23-op,30.004,-0.29
2025-10-05,gwm36-23-op,30.049,-0.245
2025-10-06,gwm36-23-op,30.014,-0.28
2025-10-07,gwm36-23-op,29.988,-0.306
2025-10-08,gwm36-23-op,29.98,-0.314
2025-10-09,gwm36-23-op,29.988,-0.306
2025-10-10,gwm36-23-op,29.977,-0.317
2025-10-11,gwm36-23-op,29.973,-0.321
2025-10-12,gwm36-23-op,29.973,-0.321
2025-10-13,gwm36-23-op,29.981,-0.313
2025-10-14,gwm36-23-op,29.975,-0.319
2025-10-15,gwm36-23-op,29.981,-0.313
2025-10-16,gwm36-23-op,29.974,-0.32
2025-10-17,gwm36-23-op,29.983,-0.311
2025-10-18,gwm36-23-op,29.979,-0.315
2025-10-19,gwm36-23-op,29.965,-0.329
2025-10-20,gwm36-23-op,29.985,-0.309
2025-10-21,gwm36-23-op,30.008,-0.286
2025-10-22,gwm36-23-op,30.013,-0.281
2025-10-23,gwm36-23-op,29.999,-0.295
2025-10-24,gwm36-23-op,30.026,-0.268
2025-10-25,gwm36-23-op,29.985,-0.309
2025-10-26,gwm36-23-op,29.993,-0.301
2025-10-27,gwm36-23-op,29.996,-0.298
2025-10-28,gwm36-23-op,29.993,-0.301
2025-10-29,gwm36-23-op,29.977,-0.317
2025-10-30,gwm36-23-op,29.963,-0.331
2025-10-31,gwm36-23-op,29.962,-0.332
2025-11-01,gwm36-23-op,29.956,-0.338
2025-11-02,gwm36-23-op,29.969,-0.325
2025-11-03,gwm36-23-op,29.967,-0.327
2025-11-04,gwm36-23-op,29.946,-0.348
2025-11-05,gwm36-23-op,29.944,-0.35
2025-11-06,gwm36-23-op,29.954,-0.34
2025-11-07,gwm36-23-op,29.966,-0.328
2025-11-08,gwm36-23-op,29.965,-0.329
2025-11-09,gwm36-23-op,29.956,-0.338
2025-11-10,gwm36-23-op,29.954,-0.34
2025-11-11,gwm36-23-op,29.957,-0.337
2025-11-12,gwm36-23-op,29.953,-0.341
2025-11-13,gwm36-23-op,29.95,-0.344
2025-11-14,gwm36-23-op,29.95,-0.344
2025-11-15,gwm36-23-op,29.955,-0.339
2025-11-16,gwm36-23-op,29.941,-0.353
2025-11-17,gwm36-23-op,29.966,-0.328
2025-11-18,gwm36-23-op,29.959,-0.335
2025-11-19,gwm36-23-op,29.947,-0.347
2025-11-20,gwm36-23-op,29.968,-0.326
2025-11-21,gwm36-23-op,29.969,-0.325
2025-11-22,gwm36-23-op,29.936,-0.358
2025-11-23,gwm36-23-op,29.939,-0.355
2025-11-24,gwm36-23-op,29.971,-0.323
2025-11-25,gwm36-23-op,29.995,-0.299
2025-11-26,gwm36-23-op,29.975,-0.319
2025-11-27,gwm36-23-op,29.955,-0.339
2025-11-28,gwm36-23-op,29.954,-0.34
2025-11-29,gwm36-23-op,29.965,-0.329
2025-11-30,gwm36-23-op,29.97,-0.324
2025-12-01,gwm36-23-op,29.972,-0.322
2025-12-02,gwm36-23-op,29.956,-0.338
2025-12-03,gwm36-23-op,29.965,-0.329
2025-12-04,gwm36-23-op,29.965,-0.329
2025-12-05,gwm36-23-op,29.97,-0.324
2025-12-06,gwm36-23-op,29.965,-0.329
2025-12-07,gwm36-23-op,29.971,-0.323
2025-12-08,gwm36-23-op,29.962,-0.332
2025-12-09,gwm36-23-op,29.956,-0.338
2025-12-10,gwm36-23-op,29.956,-0.338
2025-12-11,gwm36-23-op,29.948,-0.346
2025-12-12,gwm36-23-op,29.944,-0.35
2025-12-13,gwm36-23-op,29.944,-0.35
2025-12-14,gwm36-23-op,29.945,-0.349
2025-12-15,gwm36-23-op,29.95,-0.344
2025-12-16,gwm36-23-op,29.967,-0.327
2025-12-17,gwm36-23-op,29.964,-0.33
2025-12-18,gwm36-23-op,29.962,-0.332
2025-12-19,gwm36-23-op,29.956,-0.338
2025-12-20,gwm36-23-op,29.959,-0.335
2025-12-21,gwm36-23-op,29.956,-0.338
2025-12-22,gwm36-23-op,29.957,-0.337
2025-12-23,gwm36-23-op,29.954,-0.34
2025-12-24,gwm36-23-op,29.941,-0.353
2025-12-25,gwm36-23-op,29.928,-0.366
2025-12-26,gwm36-23-op,29.932,-0.362
2025-12-27,gwm36-23-op,29.937,-0.357
2025-12-28,gwm36-23-op,29.953,-0.341
2025-12-29,gwm36-23-op,29.939,-0.355
2025-12-30,gwm36-23-op,29.963,-0.331
2025-12-31,gwm36-23-op,29.944,-0.35
2026-01-01,gwm36-23-op,29.963,-0.331
2026-01-02,gwm36-23-op,29.989,-0.305
2026-01-03,gwm36-23-op,29.985,-0.309
2026-01-04,gwm36-23-op,29.963,-0.331
2026-01-05,gwm36-23-op,29.939,-0.355
2026-01-06,gwm36-23-op,29.927,-0.367
2026-01-07,gwm36-23-op,29.925,-0.369
2026-01-08,gwm36-23-op,29.93,-0.364
2026-01-09,gwm36-23-op,29.934,-0.36
2026-01-10,gwm36-23-op,29.952,-0.342
2026-01-11,gwm36-23-op,29.917,-0.377
2026-01-12,gwm36-23-op,29.908,-0.386
2026-01-13,gwm36-23-op,29.932,-0.362
2026-01-14,gwm36-23-op,29.922,-0.372
2026-01-15,gwm36-23-op,29.919,-0.375
2026-01-16,gwm36-23-op,29.918,-0.376
2026-01-17,gwm36-23-op,29.908,-0.386
2026-01-18,gwm36-23-op,29.902,-0.392
2026-01-19,gwm36-23-op,29.906,-0.388
2026-01-20,gwm36-23-op,29.91,-0.384
2026-01-21,gwm36-23-op,29.917,-0.377
2026-01-22,gwm36-23-op,29.94,-0.354
2026-01-23,gwm36-23-op,29.944,-0.35
2026-01-24,gwm36-23-op,29.93,-0.364
2026-01-25,gwm36-23-op,29.922,-0.372
2026-01-26,gwm36-23-op,29.929,-0.365
2026-01-27,gwm36-23-op,29.935,-0.359
2026-01-28,gwm36-23-op,29.919,-0.375
2026-01-29,gwm36-23-op,29.921,-0.373
2026-01-30,gwm36-23-op,29.911,-0.383
2026-01-31,gwm36-23-op,29.906,-0.388
2026-02-01,gwm36-23-op,29.895,-0.399
2026-02-02,gwm36-23-op,29.894,-0.4
2026-02-03,gwm36-23-op,29.901,-0.393
2026-02-04,gwm36-23-op,29.904,-0.39
2026-02-05,gwm36-23-op,29.906,-0.388
2026-02-06,gwm36-23-op,29.922,-0.372
2026-02-07,gwm36-23-op,29.914,-0.38
2026-02-08,gwm36-23-op,29.889,-0.405
2026-02-09,gwm36-23-op,29.885,-0.409
2026-02-10,gwm36-23-op,29.891,-0.403
2026-02-11,gwm36-23-op,29.917,-0.377
2026-02-12,gwm36-23-op,29.936,-0.358
2026-02-13,gwm36-23-op,29.941,-0.353
2026-02-14,gwm36-23-op,29.906,-0.388
2026-02-15,gwm36-23-op,29.882,-0.412
2026-02-16,gwm36-23-op,29.888,-0.406
2026-02-17,gwm36-23-op,29.931,-0.363
2026-02-18,gwm36-23-op,29.915,-0.379
2026-02-19,gwm36-23-op,29.9,-0.394
2026-02-20,gwm36-23-op,29.907,-0.387
2026-02-21,gwm36-23-op,29.891,-0.403
2026-02-22,gwm36-23-op,29.911,-0.383
2026-02-23,gwm36-23-op,29.924,-0.37
2026-02-24,gwm36-23-op,29.928,-0.366
2026-02-25,gwm36-23-op,29.91,-0.384
2026-02-26,gwm36-23-op,29.918,-0.376
2026-02-27,gwm36-23-op,29.938,-0.356
2026-02-28,gwm36-23-op,29.948,-0.346
2026-03-01,gwm36-23-op,29.954,-0.34
2026-03-02,gwm36-23-op,29.947,-0.347
2026-03-03,gwm36-23-op,29.954,-0.34
2026-03-04,gwm36-23-op,29.958,-0.336
2026-03-05,gwm36-23-op,29.96,-0.334
2026-03-06,gwm36-23-op,29.968,-0.326
2026-03-07,gwm36-23-op,29.975,-0.319
2026-03-08,gwm36-23-op,29.974,-0.32
2026-03-09,gwm36-23-op,29.974,-0.32
2026-03-10,gwm36-23-op,29.986,-0.308
2026-03-11,gwm36-23-op,29.992,-0.302
2026-03-12,gwm36-23-op,29.997,-0.297
2026-03-13,gwm36-23-op,29.983,-0.311
2026-03-14,gwm36-23-op,30.006,-0.288
2026-03-15,gwm36-23-op,30.008,-0.286
2026-03-16,gwm36-23-op,29.98,-0.314
2026-03-17,gwm36-23-op,29.991,-0.303
2026-03-18,gwm36-23-op,29.969,-0.325
2026-03-19,gwm36-23-op,29.965,-0.329
2026-03-20,gwm36-23-op,29.978,-0.316
2026-03-21,gwm36-23-op,29.985,-0.309
2026-03-22,gwm36-23-op,29.985,-0.309
2026-03-23,gwm36-23-op,29.987,-0.307
2026-03-24,gwm36-23-op,29.985,-0.309
2026-03-25,gwm36-23-op,29.991,-0.303
2026-03-26,gwm36-23-op,30.013,-0.281
2026-03-27,gwm36-23-op,29.985,-0.309
2026-03-28,gwm36-23-op,29.967,-0.327
2026-03-29,gwm36-23-op,29.982,-0.312
2026-03-30,gwm36-23-op,29.962,-0.332
2026-03-31,gwm36-23-op,29.989,-0.305
2026-04-02,gwm36-23-op,29.966,-0.328
2026-04-03,gwm36-23-op,29.986,-0.308
2026-04-04,gwm36-23-op,29.98,-0.314
2026-04-05,gwm36-23-op,29.975,-0.319
2026-04-06,gwm36-23-op,29.987,-0.307
2026-04-07,gwm36-23-op,29.961,-0.333
2026-04-08,gwm36-23-op,29.962,-0.332
2026-04-09,gwm36-23-op,29.962,-0.332
2026-04-10,gwm36-23-op,29.973,-0.321
2026-04-11,gwm36-23-op,29.979,-0.315
2026-04-12,gwm36-23-op,29.979,-0.315
2026-04-13,gwm36-23-op,29.975,-0.319
2026-04-14,gwm36-23-op,29.981,-0.313
2026-04-15,gwm36-23-op,29.966,-0.328
2026-04-16,gwm36-23-op,29.963,-0.331
2026-04-17,gwm36-23-op,29.965,-0.329
2026-04-18,gwm36-23-op,29.958,-0.336
2026-04-19,gwm36-23-op,29.966,-0.328
2026-04-20,gwm36-23-op,29.974,-0.32
2026-04-21,gwm36-23-op,29.972,-0.322
2026-04-22,gwm36-23-op,29.978,-0.316
2026-04-23,gwm36-23-op,29.992,-0.302
2026-04-24,gwm36-23-op,30.004,-0.29
2026-04-25,gwm36-23-op,30.016,-0.278
2026-04-26,gwm36-23-op,30.023,-0.271
2026-04-28,gwm36-23-op,30.016,-0.278
2026-04-29,gwm36-23-op,30.015,-0.279
2026-04-30,gwm36-23-op,30.009,-0.285
2026-05-01,gwm36-23-op,30.014,-0.28
2026-05-02,gwm36-23-op,30.02,-0.274
2026-05-03,gwm36-23-op,30.03,-0.264
2026-05-05,gwm36-23-op,30.032,-0.262
2026-05-06,gwm36-23-op,30.039,-0.255
2026-05-07,gwm36-23-op,30.036,-0.258
2026-05-08,gwm36-23-op,30.025,-0.269
2026-05-09,gwm36-23-op,30.023,-0.271
2026-05-10,gwm36-23-op,30.029,-0.265
2026-05-12,gwm36-23-op,30.057,-0.237
2026-05-13,gwm36-23-op,30.042,-0.252
2026-05-14,gwm36-23-op,30.056,-0.238
2026-05-15,gwm36-23-op,30.056,-0.238
2026-05-16,gwm36-23-op,30.05,-0.244
2026-05-17,gwm36-23-op,30.038,-0.256
2026-05-19,gwm36-23-op,30.035,-0.259
2026-05-20,gwm36-23-op,30.028,-0.266
2026-05-21,gwm36-23-op,30.025,-0.269
2026-05-22,gwm36-23-op,30.017,-0.277
2026-05-23,gwm36-23-op,30.016,-0.278
2026-05-24,gwm36-23-op,30.021,-0.273
2026-05-26,gwm36-23-op,30.015,-0.279
2026-05-27,gwm36-23-op,30.028,-0.266
2026-05-28,gwm36-23-op,30.027,-0.267
2026-05-29,gwm36-23-op,30.021,-0.273
2026-05-30,gwm36-23-op,30.025,-0.269
2026-05-31,gwm36-23-op,30.029,-0.265
2026-06-02,gwm36-23-op,30.025,-0.269
2026-06-03,gwm36-23-op,30.038,-0.256
2026-06-04,gwm36-23-op,30.031,-0.263
2026-06-05,gwm36-23-op,30.037,-0.257
2026-06-06,gwm36-23-op,30.017,-0.277
2026-06-07,gwm36-23-op,30.013,-0.281
2026-06-08,gwm36-23-op,30.003,-0.291
2026-06-09,gwm36-23-op,30.015,-0.279
2026-06-10,gwm36-23-op,30.017,-0.277
2026-06-11,gwm36-23-op,30.013,-0.281
2026-06-12,gwm36-23-op,30.004,-0.29
2026-06-13,gwm36-23-op,30.007,-0.287
2026-06-14,gwm36-23-op,30.015,-0.279
2026-06-16,gwm36-23-op,30.012,-0.282
2026-06-17,gwm36-23-op,30.003,-0.291
2026-06-18,gwm36-23-op,29.993,-0.301
2026-06-20,gwm36-23-op,29.995,-0.299
2026-06-21,gwm36-23-op,29.985,-0.309
2026-06-23,gwm36-23-op,29.982,-0.312
2026-06-24,gwm36-23-op,29.991,-0.303
2026-06-25,gwm36-23-op,29.995,-0.299
2026-06-26,gwm36-23-op,29.993,-0.301
2026-06-27,gwm36-23-op,29.986,-0.308
2026-06-28,gwm36-23-op,29.99,-0.304
2026-06-30,gwm36-23-op,29.968,-0.326
2026-07-01,gwm36-23-op,29.974,-0.32
2026-07-02,gwm36-23-op,29.976,-0.318
2026-07-03,gwm36-23-op,29.98,-0.314
2026-07-04,gwm36-23-op,29.964,-0.33
2026-07-05,gwm36-23-op,29.963,-0.331
2026-07-07,gwm36-23-op,29.978,-0.316
2026-07-08,gwm36-23-op,29.985,-0.309
2026-07-09,gwm36-23-op,29.964,-0.33
2026-07-10,gwm36-23-op,29.96,-0.334
2026-07-11,gwm36-23-op,29.957,-0.337
2026-07-12,gwm36-23-op,29.953,-0.341
2026-07-13,gwm36-23-op,29.949,-0.345
2026-07-14,gwm36-23-op,29.947,-0.347
2026-07-15,gwm36-23-op,29.944,-0.35
2026-07-16,gwm36-23-op,29.94,-0.354
2026-07-17,gwm36-23-op,29.944,-0.35
2026-07-18,gwm36-23-op,29.958,-0.336
2026-07-19,gwm36-23-op,29.944,-0.35
2026-07-20,gwm36-23-op,29.936,-0.358
2026-07-21,gwm36-23-op,29.93,-0.364
2026-07-22,gwm36-23-op,29.928,-0.366
2026-07-23,gwm36-23-op,29.935,-0.359
2026-07-24,gwm36-23-op,29.925,-0.369
2026-07-25,gwm36-23-op,29.927,-0.367
2026-07-26,gwm36-23-op,29.948,-0.346
2026-07-27,gwm36-23-op,29.946,-0.348
2026-07-28,gwm36-23-op,29.919,-0.375
2026-07-29,gwm36-23-op,29.909,-0.385
2026-07-30,gwm36-23-op,29.918,-0.376
2026-07-31,gwm36-23-op,29.929,-0.365
2026-08-01,gwm36-23-op,29.92,-0.374
2026-08-02,gwm36-23-op,29.908,-0.386
2026-08-03,gwm36-23-op,29.908,-0.386
2026-08-04,gwm36-23-op,29.924,-0.37
2026-08-05,gwm36-23-op,29.925,-0.369
2026-08-06,gwm36-23-op,29.922,-0.372
2026-08-07,gwm36-23-op,29.914,-0.38
2026-08-08,gwm36-23-op,29.906,-0.388
2026-08-09,gwm36-23-op,29.908,-0.386
2026-08-10,gwm36-23-op,29.928,-0.366
2026-08-11,gwm36-23-op,29.927,-0.367
2026-08-12,gwm36-23-op,29.9,-0.394
2026-08-13,gwm36-23-op,29.898,-0.396
2026-08-14,gwm36-23-op,29.901,-0.393
2026-08-15,gwm36-23-op,29.916,-0.378
2026-08-16,gwm36-23-op,29.922,-0.372
2026-08-17,gwm36-23-op,29.904,-0.39
2026-08-18,gwm36-23-op,29.912,-0.382
2026-08-19,gwm36-23-op,29.917,-0.377
2026-08-20,gwm36-23-op,29.921,-0.373
2026-08-21,gwm36-23-op,29.91,-0.384
2026-08-22,gwm36-23-op,29.908,-0.386
2026-08-23,gwm36-23-op,29.896,-0.398
2026-08-24,gwm36-23-op,29.89,-0.404
2026-08-25,gwm36-23-op,29.888,-0.406
2026-08-26,gwm36-23-op,29.901,-0.393
2026-08-27,gwm36-23-op,29.889,-0.405
2026-08-28,gwm36-23-op,29.896,-0.398
2026-08-29,gwm36-23-op,29.906,-0.388
2026-08-30,gwm36-23-op,29.895,-0.399
2026-08-31,gwm36-23-op,29.892,-0.402
2026-09-01,gwm36-23-op,29.89,-0.404
2026-09-02,gwm36-23-op,29.879,-0.415
2026-09-03,gwm36-23-op,29.878,-0.416
2026-09-04,gwm36-23-op,29.888,-0.406
2026-09-05,gwm36-23-op,29.901,-0.393
2026-09-06,gwm36-23-op,29.874,-0.42
2026-09-07,gwm36-23-op,29.862,-0.432
2026-09-08,gwm36-23-op,29.876,-0.418
2026-09-09,gwm36-23-op,29.896,-0.398
2026-09-10,gwm36-23-op,29.878,-0.416
2026-09-11,gwm36-23-op,29.859,-0.435
2026-09-12,gwm36-23-op,29.86,-0.434
2026-09-14,gwm36-23-op,29.862,-0.432
2026-09-15,gwm36-23-op,29.849,-0.445
2026-09-16,gwm36-23-op,29.866,-0.428
2026-09-17,gwm36-23-op,29.865,-0.429
2026-09-18,gwm36-23-op,29.86,-0.434
2026-09-19,gwm36-23-op,29.853,-0.441
2026-09-20,gwm36-23-op,29.847,-0.447
2026-09-21,gwm36-23-op,29.851,-0.443
2026-09-22,gwm36-23-op,29.842,-0.452
2025-03-01,gwm41-22-op,31.027,0.0
2025-03-02,gwm41-22-op,31.018,-0.009
2025-03-03,gwm41-22-op,31.022,-0.005
2025-03-04,gwm41-22-op,31.028,0.001
2025-03-05,gwm41-22-op,31.029,0.002
2025-03-06,gwm41-22-op,31.026,-0.001
2025-03-07,gwm41-22-op,31.026,-0.001
2025-03-08,gwm41-22-op,31.023,-0.004
2025-03-09,gwm41-22-op,31.024,-0.003
2025-03-10,gwm41-22-op,31.033,0.006
2025-03-11,gwm41-22-op,31.037,0.01
2025-03-12,gwm41-22-op,31.029,0.002
2025-03-13,gwm41-22-op,31.027,0.0
2025-03-14,gwm41-22-op,31.025,-0.002
2025-03-15,gwm41-22-op,31.011,-0.016
2025-03-16,gwm41-22-op,31.001,-0.026
2025-03-17,gwm41-22-op,31.001,-0.026
2025-03-18,gwm41-22-op,30.991,-0.036
2025-03-19,gwm41-22-op,30.991,-0.036
2025-03-20,gwm41-22-op,30.999,-0.028
2025-03-21,gwm41-22-op,30.995,-0.032
2025-03-22,gwm41-22-op,30.994,-0.033
2025-03-23,gwm41-22-op,30.998,-0.029
2025-03-24,gwm41-22-op,31.001,-0.026
2025-03-25,gwm41-22-op,30.991,-0.036
2025-03-26,gwm41-22-op,30.985,-0.042
2025-03-27,gwm41-22-op,30.982,-0.045
2025-03-28,gwm41-22-op,30.98,-0.047
2025-03-29,gwm41-22-op,30.99,-0.037
2025-03-30,gwm41-22-op,30.982,-0.045
2025-03-31,gwm41-22-op,30.991,-0.036
2025-04-01,gwm41-22-op,30.974,-0.053
2025-04-02,gwm41-22-op,30.976,-0.051
2025-04-03,gwm41-22-op,30.976,-0.051
2025-04-04,gwm41-22-op,30.974,-0.053
2025-04-05,gwm41-22-op,30.981,-0.046
2025-04-06,gwm41-22-op,30.975,-0.052
2025-04-07,gwm41-22-op,30.969,-0.058
2025-04-08,gwm41-22-op,30.967,-0.06
2025-04-09,gwm41-22-op,30.964,-0.063
2025-04-10,gwm41-22-op,30.97,-0.057
2025-04-11,gwm41-22-op,30.965,-0.062
2025-04-12,gwm41-22-op,30.97,-0.057
2025-04-13,gwm41-22-op,30.967,-0.06
2025-04-14,gwm41-22-op,30.975,-0.052
2025-04-15,gwm41-22-op,30.963,-0.064
2025-04-16,gwm41-22-op,30.972,-0.055
2025-04-17,gwm41-22-op,30.962,-0.065
2025-04-18,gwm41-22-op,30.961,-0.066
2025-04-19,gwm41-22-op,30.955,-0.072
2025-04-20,gwm41-22-op,30.958,-0.069
2025-04-21,gwm41-22-op,30.972,-0.055
2025-04-22,gwm41-22-op,30.969,-0.058
2025-04-23,gwm41-22-op,30.964,-0.063
2025-04-24,gwm41-22-op,30.963,-0.064
2025-04-25,gwm41-22-op,30.964,-0.063
2025-04-26,gwm41-22-op,30.957,-0.07
2025-04-27,gwm41-22-op,30.953,-0.074
2025-04-28,gwm41-22-op,30.951,-0.076
2025-04-29,gwm41-22-op,30.95,-0.077
2025-04-30,gwm41-22-op,30.946,-0.081
2025-05-01,gwm41-22-op,30.947,-0.08
2025-05-02,gwm41-22-op,30.946,-0.081
2025-05-03,gwm41-22-op,30.953,-0.074
2025-05-04,gwm41-22-op,30.952,-0.075
2025-05-05,gwm41-22-op,30.944,-0.083
2025-05-06,gwm41-22-op,30.939,-0.088
2025-05-07,gwm41-22-op,30.939,-0.088
2025-05-08,gwm41-22-op,30.934,-0.093
2025-05-09,gwm41-22-op,30.932,-0.095
2025-05-10,gwm41-22-op,30.93,-0.097
2025-05-11,gwm41-22-op,30.928,-0.099
2025-05-12,gwm41-22-op,30.928,-0.099
2025-05-13,gwm41-22-op,30.926,-0.101
2025-05-14,gwm41-22-op,30.922,-0.105
2025-05-15,gwm41-22-op,30.928,-0.099
2025-05-16,gwm41-22-op,30.919,-0.108
2025-05-17,gwm41-22-op,30.919,-0.108
2025-05-18,gwm41-22-op,30.917,-0.11
2025-05-19,gwm41-22-op,30.914,-0.113
2025-05-21,gwm41-22-op,30.913,-0.114
2025-05-22,gwm41-22-op,30.914,-0.113
2025-05-23,gwm41-22-op,30.911,-0.116
2025-05-24,gwm41-22-op,30.908,-0.119
2025-05-25,gwm41-22-op,30.907,-0.12
2025-05-26,gwm41-22-op,30.909,-0.118
2025-05-27,gwm41-22-op,30.903,-0.124
2025-05-29,gwm41-22-op,30.907,-0.12
2025-05-30,gwm41-22-op,30.9,-0.127
2025-05-31,gwm41-22-op,30.914,-0.113
2025-06-01,gwm41-22-op,30.905,-0.122
2025-06-02,gwm41-22-op,30.907,-0.12
2025-06-03,gwm41-22-op,30.898,-0.129
2025-06-04,gwm41-22-op,30.897,-0.13
2025-06-05,gwm41-22-op,30.895,-0.132
2025-06-06,gwm41-22-op,30.893,-0.134
2025-06-07,gwm41-22-op,30.89,-0.137
2025-06-08,gwm41-22-op,30.887,-0.14
2025-06-09,gwm41-22-op,30.896,-0.131
2025-06-10,gwm41-22-op,30.896,-0.131
2025-06-11,gwm41-22-op,30.916,-0.111
2025-06-12,gwm41-22-op,30.907,-0.12
2025-06-13,gwm41-22-op,30.901,-0.126
2025-06-14,gwm41-22-op,30.894,-0.133
2025-06-15,gwm41-22-op,30.893,-0.134
2025-06-16,gwm41-22-op,30.894,-0.133
2025-06-18,gwm41-22-op,30.879,-0.148
2025-06-19,gwm41-22-op,30.877,-0.15
2025-06-20,gwm41-22-op,30.873,-0.154
2025-06-21,gwm41-22-op,30.868,-0.159
2025-06-22,gwm41-22-op,30.868,-0.159
2025-06-23,gwm41-22-op,30.868,-0.159
2025-06-24,gwm41-22-op,30.873,-0.154
2025-06-25,gwm41-22-op,30.864,-0.163
2025-06-26,gwm41-22-op,30.859,-0.168
2025-06-27,gwm41-22-op,30.859,-0.168
2025-06-28,gwm41-22-op,30.85,-0.177
2025-06-29,gwm41-22-op,30.849,-0.178
2025-06-30,gwm41-22-op,30.845,-0.182
2025-07-01,gwm41-22-op,30.841,-0.186
2025-07-02,gwm41-22-op,30.838,-0.189
2025-07-03,gwm41-22-op,30.838,-0.189
2025-07-04,gwm41-22-op,30.831,-0.196
2025-07-05,gwm41-22-op,30.827,-0.2
2025-07-06,gwm41-22-op,30.833,-0.194
2025-07-07,gwm41-22-op,30.832,-0.195
2025-07-08,gwm41-22-op,30.83,-0.197
2025-07-11,gwm41-22-op,30.812,-0.215
2025-07-13,gwm41-22-op,30.821,-0.206
2025-07-14,gwm41-22-op,30.825,-0.202
2025-07-15,gwm41-22-op,30.832,-0.195
2025-07-16,gwm41-22-op,30.834,-0.193
2025-07-17,gwm41-22-op,30.842,-0.185
2025-07-18,gwm41-22-op,30.842,-0.185
2025-07-19,gwm41-22-op,30.847,-0.18
2025-07-20,gwm41-22-op,30.855,-0.172
2025-07-21,gwm41-22-op,30.861,-0.166
2025-07-23,gwm41-22-op,30.865,-0.162
2025-07-24,gwm41-22-op,30.877,-0.15
2025-07-25,gwm41-22-op,30.89,-0.137
2025-07-26,gwm41-22-op,30.898,-0.129
2025-07-27,gwm41-22-op,30.905,-0.122
2025-07-28,gwm41-22-op,30.912,-0.115
2025-07-30,gwm41-22-op,30.908,-0.119
2025-08-01,gwm41-22-op,30.905,-0.122
2025-08-02,gwm41-22-op,30.908,-0.119
2025-08-03,gwm41-22-op,30.911,-0.116
2025-08-04,gwm41-22-op,30.913,-0.114
2025-08-05,gwm41-22-op,30.912,-0.115
2025-08-06,gwm41-22-op,30.916,-0.111
2025-08-10,gwm41-22-op,30.916,-0.111
2025-08-13,gwm41-22-op,30.899,-0.128
2025-08-14,gwm41-22-op,30.894,-0.133
2025-08-15,gwm41-22-op,30.886,-0.141
2025-08-16,gwm41-22-op,30.879,-0.148
2025-08-17,gwm41-22-op,30.873,-0.154
2025-08-19,gwm41-22-op,30.861,-0.166
2025-08-20,gwm41-22-op,30.865,-0.162
2025-08-22,gwm41-22-op,30.86,-0.167
2025-08-23,gwm41-22-op,30.848,-0.179
2025-08-24,gwm41-22-op,30.845,-0.182
2025-08-25,gwm41-22-op,30.84,-0.187
2025-08-27,gwm41-22-op,30.834,-0.193
2025-08-30,gwm41-22-op,30.842,-0.185
2025-08-31,gwm41-22-op,30.842,-0.185
2025-09-01,gwm41-22-op,30.838,-0.189
2025-09-02,gwm41-22-op,30.837,-0.19
2025-09-03,gwm41-22-op,30.832,-0.195
2025-09-04,gwm41-22-op,30.836,-0.191
2025-09-05,gwm41-22-op,30.835,-0.192
2025-09-06,gwm41-22-op,30.826,-0.201
2025-09-07,gwm41-22-op,30.821,-0.206
2025-09-08,gwm41-22-op,30.819,-0.208
2025-09-10,gwm41-22-op,30.816,-0.211
2025-09-11,gwm41-22-op,30.814,-0.213
2025-09-12,gwm41-22-op,30.814,-0.213
2025-09-13,gwm41-22-op,30.807,-0.22
2025-09-14,gwm41-22-op,30.805,-0.222
2025-09-15,gwm41-22-op,30.803,-0.224
2025-09-16,gwm41-22-op,30.806,-0.221
2025-09-17,gwm41-22-op,30.799,-0.228
2025-09-18,gwm41-22-op,30.796,-0.231
2025-09-19,gwm41-22-op,30.791,-0.236
2025-09-20,gwm41-22-op,30.787,-0.24
2025-09-21,gwm41-22-op,30.793,-0.234
2025-09-22,gwm41-22-op,30.789,-0.238
2025-09-24,gwm41-22-op,30.777,-0.25
2025-09-25,gwm41-22-op,30.775,-0.252
2025-09-26,gwm41-22-op,30.773,-0.254
2025-09-27,gwm41-22-op,30.77,-0.257
2025-09-28,gwm41-22-op,30.769,-0.258
2025-09-29,gwm41-22-op,30.766,-0.261
2025-09-30,gwm41-22-op,30.765,-0.262
2025-10-01,gwm41-22-op,30.759,-0.268
2025-10-03,gwm41-22-op,30.755,-0.272
2025-10-04,gwm41-22-op,30.757,-0.27
2025-10-05,gwm41-22-op,30.781,-0.246
2025-10-06,gwm41-22-op,30.771,-0.256
2025-10-07,gwm41-22-op,30.759,-0.268
2025-10-08,gwm41-22-op,30.752,-0.275
2025-10-09,gwm41-22-op,30.755,-0.272
2025-10-10,gwm41-22-op,30.752,-0.275
2025-10-11,gwm41-22-op,30.749,-0.278
2025-10-12,gwm41-22-op,30.746,-0.281
2025-10-13,gwm41-22-op,30.746,-0.281
2025-10-14,gwm41-22-op,30.743,-0.284
2025-10-15,gwm41-22-op,30.742,-0.285
2025-10-16,gwm41-22-op,30.741,-0.286
2025-10-19,gwm41-22-op,30.735,-0.292
2025-10-20,gwm41-22-op,30.74,-0.287
2025-10-21,gwm41-22-op,30.75,-0.277
2025-10-22,gwm41-22-op,30.751,-0.276
2025-10-23,gwm41-22-op,30.742,-0.285
2025-10-24,gwm41-22-op,30.755,-0.272
2025-10-25,gwm41-22-op,30.737,-0.29
2025-10-27,gwm41-22-op,30.737,-0.29
2025-10-28,gwm41-22-op,30.744,-0.283
2025-10-29,gwm41-22-op,30.745,-0.282
2025-10-30,gwm41-22-op,30.747,-0.28
2025-10-31,gwm41-22-op,30.759,-0.268
2025-11-01,gwm41-22-op,30.758,-0.269
2025-11-02,gwm41-22-op,30.772,-0.255
2025-11-03,gwm41-22-op,30.777,-0.25
2025-11-04,gwm41-22-op,30.772,-0.255
2025-11-05,gwm41-22-op,30.766,-0.261
2025-11-06,gwm41-22-op,30.766,-0.261
2025-11-07,gwm41-22-op,30.769,-0.258
2025-11-08,gwm41-22-op,30.764,-0.263
2025-11-09,gwm41-22-op,30.757,-0.27
2025-11-10,gwm41-22-op,30.749,-0.278
2025-11-11,gwm41-22-op,30.747,-0.28
2025-11-12,gwm41-22-op,30.742,-0.285
2025-11-13,gwm41-22-op,30.738,-0.289
2025-11-14,gwm41-22-op,30.739,-0.288
2025-11-15,gwm41-22-op,30.738,-0.289
2025-11-16,gwm41-22-op,30.732,-0.295
2025-11-17,gwm41-22-op,30.75,-0.277
2025-11-18,gwm41-22-op,30.752,-0.275
2025-11-19,gwm41-22-op,30.751,-0.276
2025-11-20,gwm41-22-op,30.767,-0.26
2025-11-21,gwm41-22-op,30.775,-0.252
2025-11-22,gwm41-22-op,30.765,-0.262
2025-11-23,gwm41-22-op,30.764,-0.263
2025-11-24,gwm41-22-op,30.776,-0.251
2025-11-25,gwm41-22-op,30.789,-0.238
2025-11-26,gwm41-22-op,30.779,-0.248
2025-11-27,gwm41-22-op,30.765,-0.262
2025-11-28,gwm41-22-op,30.758,-0.269
2025-11-29,gwm41-22-op,30.76,-0.267
2025-11-30,gwm41-22-op,30.764,-0.263
2025-12-01,gwm41-22-op,30.767,-0.26
2025-12-02,gwm41-22-op,30.756,-0.271
2025-12-03,gwm41-22-op,30.756,-0.271
2025-12-04,gwm41-22-op,30.752,-0.275
2025-12-05,gwm41-22-op,30.752,-0.275
2025-12-06,gwm41-22-op,30.747,-0.28
2025-12-07,gwm41-22-op,30.75,-0.277
2025-12-08,gwm41-22-op,30.743,-0.284
2025-12-09,gwm41-22-op,30.736,-0.291
2025-12-10,gwm41-22-op,30.742,-0.285
2025-12-11,gwm41-22-op,30.75,-0.277
2025-12-12,gwm41-22-op,30.753,-0.274
2025-12-13,gwm41-22-op,30.753,-0.274
2025-12-14,gwm41-22-op,30.75,-0.277
2025-12-15,gwm41-22-op,30.748,-0.279
2025-12-16,gwm41-22-op,30.752,-0.275
2025-12-17,gwm41-22-op,30.745,-0.282
2025-12-18,gwm41-22-op,30.742,-0.285
2025-12-19,gwm41-22-op,30.734,-0.293
2025-12-20,gwm41-22-op,30.732,-0.295
2025-12-21,gwm41-22-op,30.728,-0.299
2025-12-22,gwm41-22-op,30.725,-0.302
2025-12-23,gwm41-22-op,30.722,-0.305
2025-12-24,gwm41-22-op,30.717,-0.31
2025-12-25,gwm41-22-op,30.711,-0.316
2025-12-26,gwm41-22-op,30.71,-0.317
2025-12-27,gwm41-22-op,30.707,-0.32
2025-12-28,gwm41-22-op,30.711,-0.316
2025-12-29,gwm41-22-op,30.706,-0.321
2025-12-30,gwm41-22-op,30.714,-0.313
2025-12-31,gwm41-22-op,30.704,-0.323
2026-01-01,gwm41-22-op,30.712,-0.315
2026-01-02,gwm41-22-op,30.727,-0.3
2026-01-03,gwm41-22-op,30.731,-0.296
2026-01-04,gwm41-22-op,30.723,-0.304
2026-01-05,gwm41-22-op,30.71,-0.317
2026-01-06,gwm41-22-op,30.701,-0.326
2026-01-07,gwm41-22-op,30.698,-0.329
2026-01-08,gwm41-22-op,30.699,-0.328
2026-01-10,gwm41-22-op,30.704,-0.323
2026-01-11,gwm41-22-op,30.693,-0.334
2026-01-13,gwm41-22-op,30.693,-0.334
2026-01-14,gwm41-22-op,30.686,-0.341
2026-01-15,gwm41-22-op,30.697,-0.33
2026-01-16,gwm41-22-op,30.704,-0.323
2026-01-17,gwm41-22-op,30.71,-0.317
2026-01-18,gwm41-22-op,30.708,-0.319
2026-01-19,gwm41-22-op,30.705,-0.322
2026-01-20,gwm41-22-op,30.704,-0.323
2026-01-21,gwm41-22-op,30.705,-0.322
2026-01-22,gwm41-22-op,30.714,-0.313
2026-01-23,gwm41-22-op,30.715,-0.312
2026-01-24,gwm41-22-op,30.706,-0.321
2026-01-25,gwm41-22-op,30.699,-0.328
2026-01-26,gwm41-22-op,30.697,-0.33
2026-01-27,gwm41-22-op,30.701,-0.326
2026-01-28,gwm41-22-op,30.699,-0.328
2026-01-29,gwm41-22-op,30.701,-0.326
2026-01-30,gwm41-22-op,30.695,-0.332
2026-01-31,gwm41-22-op,30.69,-0.337
2026-02-01,gwm41-22-op,30.683,-0.344
2026-02-02,gwm41-22-op,30.679,-0.348
2026-02-03,gwm41-22-op,30.678,-0.349
2026-02-04,gwm41-22-op,30.679,-0.348
2026-02-05,gwm41-22-op,30.677,-0.35
2026-02-06,gwm41-22-op,30.683,-0.344
2026-02-07,gwm41-22-op,30.679,-0.348
2026-02-08,gwm41-22-op,30.672,-0.355
2026-02-09,gwm41-22-op,30.676,-0.351
2026-02-10,gwm41-22-op,30.685,-0.342
2026-02-11,gwm41-22-op,30.7,-0.327
2026-02-12,gwm41-22-op,30.716,-0.311
2026-02-13,gwm41-22-op,30.719,-0.308
2026-02-14,gwm41-22-op,30.712,-0.315
2026-02-15,gwm41-22-op,30.708,-0.319
2026-02-16,gwm41-22-op,30.711,-0.316
2026-02-17,gwm41-22-op,30.732,-0.295
2026-02-18,gwm41-22-op,30.727,-0.3
2026-02-19,gwm41-22-op,30.717,-0.31
2026-02-20,gwm41-22-op,30.717,-0.31
2026-02-21,gwm41-22-op,30.706,-0.321
2026-02-22,gwm41-22-op,30.714,-0.313
2026-02-23,gwm41-22-op,30.722,-0.305
2026-02-24,gwm41-22-op,30.732,-0.295
2026-02-26,gwm41-22-op,30.742,-0.285
2026-02-27,gwm41-22-op,30.75,-0.277
2026-02-28,gwm41-22-op,30.757,-0.27
2026-03-01,gwm41-22-op,30.759,-0.268
2026-03-02,gwm41-22-op,30.754,-0.273
2026-03-03,gwm41-22-op,30.754,-0.273
2026-03-04,gwm41-22-op,30.751,-0.276
2026-03-05,gwm41-22-op,30.746,-0.281
2026-03-07,gwm41-22-op,30.748,-0.279
2026-03-08,gwm41-22-op,30.743,-0.284
2026-03-09,gwm41-22-op,30.74,-0.287
2026-03-10,gwm41-22-op,30.745,-0.282
2026-03-11,gwm41-22-op,30.746,-0.281
2026-03-12,gwm41-22-op,30.747,-0.28
2026-03-13,gwm41-22-op,30.739,-0.288
2026-03-14,gwm41-22-op,30.75,-0.277
2026-03-15,gwm41-22-op,30.75,-0.277
2026-03-16,gwm41-22-op,30.735,-0.292
2026-03-17,gwm41-22-op,30.738,-0.289
2026-03-18,gwm41-22-op,30.726,-0.301
2026-03-19,gwm41-22-op,30.722,-0.305
2026-03-20,gwm41-22-op,30.726,-0.301
2026-03-21,gwm41-22-op,30.73,-0.297
2026-03-22,gwm41-22-op,30.728,-0.299
2026-03-23,gwm41-22-op,30.729,-0.298
2026-03-24,gwm41-22-op,30.727,-0.3
2026-03-25,gwm41-22-op,30.728,-0.299
2026-03-27,gwm41-22-op,30.729,-0.298
2026-03-28,gwm41-22-op,30.719,-0.308
2026-03-29,gwm41-22-op,30.724,-0.303
2026-03-30,gwm41-22-op,30.714,-0.313
2026-03-31,gwm41-22-op,30.728,-0.299
2026-04-01,gwm41-22-op,30.72,-0.307
2026-04-02,gwm41-22-op,30.724,-0.303
2026-04-03,gwm41-22-op,30.739,-0.288
2026-04-04,gwm41-22-op,30.739,-0.288
2026-04-05,gwm41-22-op,30.736,-0.291
2026-04-06,gwm41-22-op,30.738,-0.289
2026-04-07,gwm41-22-op,30.726,-0.301
2026-04-08,gwm41-22-op,30.73,-0.297
2026-04-09,gwm41-22-op,30.728,-0.299
2026-04-10,gwm41-22-op,30.73,-0.297
2026-04-11,gwm41-22-op,30.732,-0.295
2026-04-12,gwm41-22-op,30.73,-0.297
2026-04-13,gwm41-22-op,30.727,-0.3
2026-04-14,gwm41-22-op,30.726,-0.301
2026-04-15,gwm41-22-op,30.718,-0.309
2026-04-16,gwm41-22-op,30.713,-0.314
2026-04-17,gwm41-22-op,30.712,-0.315
2026-04-18,gwm41-22-op,30.708,-0.319
2026-04-19,gwm41-22-op,30.709,-0.318
2026-04-20,gwm41-22-op,30.714,-0.313
2026-04-22,gwm41-22-op,30.739,-0.288
2026-04-23,gwm41-22-op,30.752,-0.275
2026-04-24,gwm41-22-op,30.761,-0.266
2026-04-26,gwm41-22-op,30.773,-0.254
2026-04-28,gwm41-22-op,30.767,-0.26
2026-04-30,gwm41-22-op,30.761,-0.266
2026-05-01,gwm41-22-op,30.761,-0.266
2026-05-03,gwm41-22-op,30.769,-0.258
2026-05-05,gwm41-22-op,30.772,-0.255
2026-05-06,gwm41-22-op,30.773,-0.254
2026-05-07,gwm41-22-op,30.776,-0.251
2026-05-08,gwm41-22-op,30.778,-0.249
2026-05-09,gwm41-22-op,30.784,-0.243
2026-05-10,gwm41-22-op,30.79,-0.237
2026-05-12,gwm41-22-op,30.805,-0.222
2026-05-13,gwm41-22-op,30.801,-0.226
2026-05-14,gwm41-22-op,30.807,-0.22
2026-05-15,gwm41-22-op,30.811,-0.216
2026-05-16,gwm41-22-op,30.812,-0.215
2026-05-17,gwm41-22-op,30.81,-0.217
2026-05-19,gwm41-22-op,30.803,-0.224
2026-05-20,gwm41-22-op,30.799,-0.228
2026-05-21,gwm41-22-op,30.794,-0.233
2026-05-22,gwm41-22-op,30.791,-0.236
2026-05-23,gwm41-22-op,30.795,-0.232
2026-05-24,gwm41-22-op,30.8,-0.227
2026-05-26,gwm41-22-op,30.794,-0.233
2026-05-27,gwm41-22-op,30.796,-0.231
2026-05-28,gwm41-22-op,30.795,-0.232
2026-05-29,gwm41-22-op,30.789,-0.238
2026-05-30,gwm41-22-op,30.789,-0.238
2026-05-31,gwm41-22-op,30.789,-0.238
2026-06-02,gwm41-22-op,30.782,-0.245
2026-06-03,gwm41-22-op,30.787,-0.24
2026-06-04,gwm41-22-op,30.785,-0.242
2026-06-05,gwm41-22-op,30.788,-0.239
2026-06-06,gwm41-22-op,30.776,-0.251
2026-06-07,gwm41-22-op,30.77,-0.257
2026-06-08,gwm41-22-op,30.764,-0.263
2026-06-10,gwm41-22-op,30.764,-0.263
2026-06-11,gwm41-22-op,30.758,-0.269
2026-06-12,gwm41-22-op,30.753,-0.274
2026-06-13,gwm41-22-op,30.753,-0.274
2026-06-14,gwm41-22-op,30.756,-0.271
2026-06-16,gwm41-22-op,30.75,-0.277
2026-06-17,gwm41-22-op,30.744,-0.283
2026-06-18,gwm41-22-op,30.738,-0.289
2026-06-19,gwm41-22-op,30.733,-0.294
2026-06-20,gwm41-22-op,30.732,-0.295
2026-06-21,gwm41-22-op,30.727,-0.3
2026-06-23,gwm41-22-op,30.736,-0.291
2026-06-24,gwm41-22-op,30.744,-0.283
2026-06-25,gwm41-22-op,30.753,-0.274
2026-06-26,gwm41-22-op,30.76,-0.267
2026-06-27,gwm41-22-op,30.76,-0.267
2026-06-28,gwm41-22-op,30.761,-0.266
2026-06-30,gwm41-22-op,30.743,-0.284
2026-07-01,gwm41-22-op,30.741,-0.286
2026-07-02,gwm41-22-op,30.74,-0.287
2026-07-03,gwm41-22-op,30.738,-0.289
2026-07-04,gwm41-22-op,30.729,-0.298
2026-07-05,gwm41-22-op,30.727,-0.3
2026-07-08,gwm41-22-op,30.743,-0.284
2026-07-09,gwm41-22-op,30.739,-0.288
2026-07-10,gwm41-22-op,30.736,-0.291
2026-07-11,gwm41-22-op,30.732,-0.295
2026-07-12,gwm41-22-op,30.722,-0.305
2026-07-13,gwm41-22-op,30.719,-0.308
2026-07-14,gwm41-22-op,30.714,-0.313
2026-07-15,gwm41-22-op,30.71,-0.317
2026-07-16,gwm41-22-op,30.705,-0.322
2026-07-18,gwm41-22-op,30.706,-0.321
2026-07-19,gwm41-22-op,30.707,-0.32
2026-07-21,gwm41-22-op,30.716,-0.311
2026-07-22,gwm41-22-op,30.71,-0.317
2026-07-23,gwm41-22-op,30.712,-0.315
2026-07-24,gwm41-22-op,30.706,-0.321
2026-07-25,gwm41-22-op,30.706,-0.321
2026-07-26,gwm41-22-op,30.715,-0.312
2026-07-27,gwm41-22-op,30.712,-0.315
2026-07-28,gwm41-22-op,30.701,-0.326
2026-07-29,gwm41-22-op,30.704,-0.323
2026-07-30,gwm41-22-op,30.711,-0.316
2026-07-31,gwm41-22-op,30.714,-0.313
2026-08-01,gwm41-22-op,30.707,-0.32
2026-08-02,gwm41-22-op,30.702,-0.325
2026-08-03,gwm41-22-op,30.708,-0.319
2026-08-04,gwm41-22-op,30.722,-0.305
2026-08-05,gwm41-22-op,30.728,-0.299
2026-08-06,gwm41-22-op,30.732,-0.295
2026-08-08,gwm41-22-op,30.734,-0.293
2026-08-09,gwm41-22-op,30.735,-0.292
2026-08-10,gwm41-22-op,30.738,-0.289
2026-08-11,gwm41-22-op,30.735,-0.292
2026-08-12,gwm41-22-op,30.717,-0.31
2026-08-13,gwm41-22-op,30.708,-0.319
2026-08-14,gwm41-22-op,30.703,-0.324
2026-08-15,gwm41-22-op,30.708,-0.319
2026-08-16,gwm41-22-op,30.707,-0.32
2026-08-17,gwm41-22-op,30.701,-0.326
2026-08-18,gwm41-22-op,30.715,-0.312
2026-08-19,gwm41-22-op,30.726,-0.301
2026-08-20,gwm41-22-op,30.73,-0.297
2026-08-21,gwm41-22-op,30.731,-0.296
2026-08-22,gwm41-22-op,30.736,-0.291
2026-08-23,gwm41-22-op,30.733,-0.294
2026-08-24,gwm41-22-op,30.724,-0.303
2026-08-25,gwm41-22-op,30.72,-0.307
2026-08-26,gwm41-22-op,30.72,-0.307
2026-08-27,gwm41-22-op,30.712,-0.315
2026-08-28,gwm41-22-op,30.708,-0.319
2026-08-29,gwm41-22-op,30.711,-0.316
2026-08-30,gwm41-22-op,30.703,-0.324
2026-08-31,gwm41-22-op,30.699,-0.328
2026-09-01,gwm41-22-op,30.694,-0.333
2026-09-02,gwm41-22-op,30.692,-0.335
2026-09-03,gwm41-22-op,30.693,-0.334
2026-09-04,gwm41-22-op,30.699,-0.328
2026-09-05,gwm41-22-op,30.705,-0.322
2026-09-06,gwm41-22-op,30.697,-0.33
2026-09-07,gwm41-22-op,30.694,-0.333
2026-09-08,gwm41-22-op,30.707,-0.32
2026-09-09,gwm41-22-op,30.717,-0.31
2026-09-10,gwm41-22-op,30.708,-0.319
2026-09-11,gwm41-22-op,30.692,-0.335
2026-09-12,gwm41-22-op,30.688,-0.339
2026-09-13,gwm41-22-op,30.683,-0.344
2026-09-14,gwm41-22-op,30.683,-0.344
2026-09-15,gwm41-22-op,30.678,-0.349
2026-09-16,gwm41-22-op,30.689,-0.338
2026-09-17,gwm41-22-op,30.693,-0.334
2026-09-18,gwm41-22-op,30.695,-0.332
2026-09-19,gwm41-22-op,30.699,-0.328
2026-09-20,gwm41-22-op,30.693,-0.334
2026-09-21,gwm41-22-op,30.693,-0.334
2026-09-22,gwm41-22-op,30.683,-0.344
2025-03-01,gwm42-22-op,28.812,0.0
2025-03-02,gwm42-22-op,28.796,-0.016
2025-03-03,gwm42-22-op,28.796,-0.016
2025-03-04,gwm42-22-op,28.8,-0.012
2025-03-05,gwm42-22-op,28.8,-0.012
2025-03-06,gwm42-22-op,28.796,-0.016
2025-03-07,gwm42-22-op,28.798,-0.014
2025-03-08,gwm42-22-op,28.795,-0.017
2025-03-09,gwm42-22-op,28.795,-0.017
2025-03-10,gwm42-22-op,28.806,-0.006
2025-03-11,gwm42-22-op,28.809,-0.003
2025-03-12,gwm42-22-op,28.798,-0.014
2025-03-13,gwm42-22-op,28.794,-0.018
2025-03-14,gwm42-22-op,28.792,-0.02
2025-03-15,gwm42-22-op,28.773,-0.039
2025-03-16,gwm42-22-op,28.757,-0.055
2025-03-17,gwm42-22-op,28.758000000000003,-0.054
2025-03-18,gwm42-22-op,28.742,-0.07
2025-03-20,gwm42-22-op,28.745,-0.067
2025-03-21,gwm42-22-op,28.746,-0.066
2025-03-22,gwm42-22-op,28.743,-0.069
2025-03-23,gwm42-22-op,28.75,-0.062
2025-03-24,gwm42-22-op,28.749,-0.063
2025-03-25,gwm42-22-op,28.735,-0.077
2025-03-26,gwm42-22-op,28.727,-0.085
2025-03-27,gwm42-22-op,28.722,-0.09
2025-03-28,gwm42-22-op,28.719,-0.093
2025-03-29,gwm42-22-op,28.728,-0.084
2025-03-30,gwm42-22-op,28.715,-0.097
2025-03-31,gwm42-22-op,28.726,-0.086
2025-04-01,gwm42-22-op,28.702,-0.11
2025-04-02,gwm42-22-op,28.698,-0.114
2025-04-03,gwm42-22-op,28.696,-0.116
2025-04-04,gwm42-22-op,28.693,-0.119
2025-04-05,gwm42-22-op,28.695,-0.117
2025-04-06,gwm42-22-op,28.688,-0.124
2025-04-07,gwm42-22-op,28.681,-0.131
2025-04-08,gwm42-22-op,28.677,-0.135
2025-04-09,gwm42-22-op,28.671,-0.141
2025-04-10,gwm42-22-op,28.67,-0.142
2025-04-11,gwm42-22-op,28.664,-0.148
2025-04-12,gwm42-22-op,28.661,-0.151
2025-04-13,gwm42-22-op,28.661,-0.151
2025-04-14,gwm42-22-op,28.66,-0.152
2025-04-15,gwm42-22-op,28.648,-0.164
2025-04-16,gwm42-22-op,28.651,-0.161
2025-04-17,gwm42-22-op,28.639000000000003,-0.173
2025-04-18,gwm42-22-op,28.635,-0.177
2025-04-19,gwm42-22-op,28.625,-0.187
2025-04-20,gwm42-22-op,28.623,-0.189
2025-04-21,gwm42-22-op,28.62,-0.192
2025-04-22,gwm42-22-op,28.611,-0.201
2025-04-23,gwm42-22-op,28.603,-0.209
2025-04-24,gwm42-22-op,28.601,-0.211
2025-04-25,gwm42-22-op,28.595,-0.217
2025-04-26,gwm42-22-op,28.586,-0.226
2025-04-27,gwm42-22-op,28.58,-0.232
2025-04-28,gwm42-22-op,28.574,-0.238
2025-04-29,gwm42-22-op,28.57,-0.242
2025-04-30,gwm42-22-op,28.565,-0.247
2025-05-01,gwm42-22-op,28.562,-0.25
2025-05-02,gwm42-22-op,28.557,-0.255
2025-05-03,gwm42-22-op,28.556,-0.256
2025-05-04,gwm42-22-op,28.552,-0.26
2025-05-05,gwm42-22-op,28.542,-0.27
2025-05-06,gwm42-22-op,28.533,-0.279
2025-05-07,gwm42-22-op,28.531,-0.281
2025-05-08,gwm42-22-op,28.523,-0.289
2025-05-09,gwm42-22-op,28.519,-0.293
2025-05-10,gwm42-22-op,28.513,-0.299
2025-05-11,gwm42-22-op,28.507,-0.305
2025-05-12,gwm42-22-op,28.505000000000003,-0.307
2025-05-13,gwm42-22-op,28.499,-0.313
2025-05-14,gwm42-22-op,28.495,-0.317
2025-05-15,gwm42-22-op,28.496,-0.316
2025-05-16,gwm42-22-op,28.483,-0.329
2025-05-17,gwm42-22-op,28.481,-0.331
2025-05-18,gwm42-22-op,28.477,-0.335
2025-05-19,gwm42-22-op,28.471,-0.341
2025-05-20,gwm42-22-op,28.463,-0.349
2025-05-21,gwm42-22-op,28.465,-0.347
2025-05-22,gwm42-22-op,28.463,-0.349
2025-05-23,gwm42-22-op,28.457,-0.355
2025-05-24,gwm42-22-op,28.448,-0.364
2025-05-25,gwm42-22-op,28.445,-0.367
2025-05-26,gwm42-22-op,28.444000000000003,-0.368
2025-05-27,gwm42-22-op,28.436,-0.376
2025-05-28,gwm42-22-op,28.433,-0.379
2025-05-29,gwm42-22-op,28.43,-0.382
2025-05-30,gwm42-22-op,28.422,-0.39
2025-05-31,gwm42-22-op,28.421,-0.391
2025-06-01,gwm42-22-op,28.418,-0.394
2025-06-02,gwm42-22-op,28.42,-0.392
2025-06-03,gwm42-22-op,28.414,-0.398
2025-06-04,gwm42-22-op,28.413,-0.399
2025-06-05,gwm42-22-op,28.412,-0.4
2025-06-06,gwm42-22-op,28.406,-0.406
2025-06-07,gwm42-22-op,28.401,-0.411
2025-06-08,gwm42-22-op,28.401,-0.411
2025-06-09,gwm42-22-op,28.398,-0.414
2025-06-10,gwm42-22-op,28.389000000000003,-0.423
2025-06-11,gwm42-22-op,28.4,-0.412
2025-06-12,gwm42-22-op,28.387,-0.425
2025-06-13,gwm42-22-op,28.385,-0.427
2025-06-14,gwm42-22-op,28.383000000000003,-0.429
2025-06-15,gwm42-22-op,28.387,-0.425
2025-06-16,gwm42-22-op,28.389000000000003,-0.423
2025-06-17,gwm42-22-op,28.379,-0.433
2025-06-18,gwm42-22-op,28.379,-0.433
2025-06-19,gwm42-22-op,28.379,-0.433
2025-06-20,gwm42-22-op,28.374,-0.438
2025-06-21,gwm42-22-op,28.375,-0.437
2025-06-22,gwm42-22-op,28.378,-0.434
2025-06-23,gwm42-22-op,28.384,-0.428
2025-06-24,gwm42-22-op,28.391,-0.421
2025-06-25,gwm42-22-op,28.379,-0.433
2025-06-26,gwm42-22-op,28.376,-0.436
2025-06-27,gwm42-22-op,28.379,-0.433
2025-06-28,gwm42-22-op,28.366,-0.446
2025-06-29,gwm42-22-op,28.369,-0.443
2025-06-30,gwm42-22-op,28.366,-0.446
2025-07-01,gwm42-22-op,28.363,-0.449
2025-07-02,gwm42-22-op,28.365,-0.447
2025-07-03,gwm42-22-op,28.364,-0.448
2025-07-04,gwm42-22-op,28.355,-0.457
2025-07-05,gwm42-22-op,28.355,-0.457
2025-07-06,gwm42-22-op,28.363,-0.449
2025-07-07,gwm42-22-op,28.362,-0.45
2025-07-08,gwm42-22-op,28.359,-0.453
2025-07-09,gwm42-22-op,28.349,-0.463
2025-07-10,gwm42-22-op,28.342,-0.47
2025-07-11,gwm42-22-op,28.341,-0.471
2025-07-12,gwm42-22-op,28.345,-0.467
2025-07-13,gwm42-22-op,28.345,-0.467
2025-07-14,gwm42-22-op,28.34,-0.472
2025-07-15,gwm42-22-op,28.336,-0.476
2025-07-16,gwm42-22-op,28.334,-0.478
2025-07-17,gwm42-22-op,28.335,-0.477
2025-07-18,gwm42-22-op,28.33,-0.482
2025-07-19,gwm42-22-op,28.328000000000003,-0.484
2025-07-20,gwm42-22-op,28.328000000000003,-0.484
2025-07-21,gwm42-22-op,28.327,-0.485
2025-07-22,gwm42-22-op,28.324,-0.488
2025-07-23,gwm42-22-op,28.322000000000003,-0.49
2025-07-24,gwm42-22-op,28.323,-0.489
2025-07-25,gwm42-22-op,28.323,-0.489
2025-07-26,gwm42-22-op,28.326,-0.486
2025-07-27,gwm42-22-op,28.325000000000003,-0.487
2025-07-28,gwm42-22-op,28.332,-0.48
2025-07-29,gwm42-22-op,28.329,-0.483
2025-07-30,gwm42-22-op,28.325000000000003,-0.487
2025-07-31,gwm42-22-op,28.324,-0.488
2025-08-01,gwm42-22-op,28.327,-0.485
2025-08-02,gwm42-22-op,28.332,-0.48
2025-08-03,gwm42-22-op,28.328000000000003,-0.484
2025-08-04,gwm42-22-op,28.323,-0.489
2025-08-05,gwm42-22-op,28.326,-0.486
2025-08-06,gwm42-22-op,28.326,-0.486
2025-08-07,gwm42-22-op,28.323,-0.489
2025-08-08,gwm42-22-op,28.334,-0.478
2025-08-09,gwm42-22-op,28.336,-0.476
2025-08-11,gwm42-22-op,28.33,-0.482
2025-08-13,gwm42-22-op,28.345,-0.467
2025-08-15,gwm42-22-op,28.349,-0.463
2025-08-16,gwm42-22-op,28.354,-0.458
2025-08-17,gwm42-22-op,28.355,-0.457
2025-08-19,gwm42-22-op,28.359,-0.453
2025-08-21,gwm42-22-op,28.37,-0.442
2025-08-22,gwm42-22-op,28.372,-0.44
2025-08-23,gwm42-22-op,28.368,-0.444
2025-08-24,gwm42-22-op,28.373,-0.439
2025-08-25,gwm42-22-op,28.373,-0.439
2025-08-26,gwm42-22-op,28.375,-0.437
2025-08-27,gwm42-22-op,28.381,-0.431
2025-08-28,gwm42-22-op,28.385,-0.427
2025-08-29,gwm42-22-op,28.388,-0.424
2025-08-30,gwm42-22-op,28.393,-0.419
2025-08-31,gwm42-22-op,28.39,-0.422
2025-09-01,gwm42-22-op,28.388,-0.424
2025-09-02,gwm42-22-op,28.395,-0.417
2025-09-03,gwm42-22-op,28.395,-0.417
2025-09-04,gwm42-22-op,28.396,-0.416
2025-09-05,gwm42-22-op,28.398,-0.414
2025-09-06,gwm42-22-op,28.392000000000003,-0.42
2025-09-07,gwm42-22-op,28.391,-0.421
2025-09-08,gwm42-22-op,28.397,-0.415
2025-09-09,gwm42-22-op,28.4,-0.412
2025-09-10,gwm42-22-op,28.405,-0.407
2025-09-11,gwm42-22-op,28.408,-0.404
2025-09-12,gwm42-22-op,28.409,-0.403
2025-09-13,gwm42-22-op,28.402,-0.41
2025-09-14,gwm42-22-op,28.405,-0.407
2025-09-15,gwm42-22-op,28.411,-0.401
2025-09-16,gwm42-22-op,28.416,-0.396
2025-09-17,gwm42-22-op,28.412,-0.4
2025-09-18,gwm42-22-op,28.407,-0.405
2025-09-19,gwm42-22-op,28.41,-0.402
2025-09-20,gwm42-22-op,28.409,-0.403
2025-09-21,gwm42-22-op,28.419,-0.393
2025-09-22,gwm42-22-op,28.42,-0.392
2025-09-23,gwm42-22-op,28.41,-0.402
2025-09-24,gwm42-22-op,28.41,-0.402
2025-09-25,gwm42-22-op,28.408,-0.404
2025-09-26,gwm42-22-op,28.41,-0.402
2025-09-27,gwm42-22-op,28.411,-0.401
2025-09-28,gwm42-22-op,28.412,-0.4
2025-09-29,gwm42-22-op,28.413,-0.399
2025-09-30,gwm42-22-op,28.412,-0.4
2025-10-01,gwm42-22-op,28.406,-0.406
2025-10-02,gwm42-22-op,28.405,-0.407
2025-10-03,gwm42-22-op,28.407,-0.405
2025-10-04,gwm42-22-op,28.413,-0.399
2025-10-05,gwm42-22-op,28.43,-0.382
2025-10-06,gwm42-22-op,28.417,-0.395
2025-10-07,gwm42-22-op,28.408,-0.404
2025-10-08,gwm42-22-op,28.401,-0.411
2025-10-09,gwm42-22-op,28.404,-0.408
2025-10-10,gwm42-22-op,28.402,-0.41
2025-10-11,gwm42-22-op,28.395,-0.417
2025-10-12,gwm42-22-op,28.394,-0.418
2025-10-13,gwm42-22-op,28.398,-0.414
2025-10-14,gwm42-22-op,28.395,-0.417
2025-10-15,gwm42-22-op,28.396,-0.416
2025-10-16,gwm42-22-op,28.394,-0.418
2025-10-17,gwm42-22-op,28.395,-0.417
2025-10-18,gwm42-22-op,28.393,-0.419
2025-10-19,gwm42-22-op,28.383000000000003,-0.429
2025-10-20,gwm42-22-op,28.393,-0.419
2025-10-21,gwm42-22-op,28.404,-0.408
2025-10-22,gwm42-22-op,28.408,-0.404
2025-10-23,gwm42-22-op,28.4,-0.412
2025-10-24,gwm42-22-op,28.415,-0.397
2025-10-25,gwm42-22-op,28.392000000000003,-0.42
2025-10-26,gwm42-22-op,28.397,-0.415
2025-10-27,gwm42-22-op,28.397,-0.415
2025-10-28,gwm42-22-op,28.393,-0.419
2025-10-29,gwm42-22-op,28.385,-0.427
2025-10-30,gwm42-22-op,28.376,-0.436
2025-10-31,gwm42-22-op,28.371,-0.441
2025-11-01,gwm42-22-op,28.364,-0.448
2025-11-02,gwm42-22-op,28.368,-0.444
2025-11-03,gwm42-22-op,28.365,-0.447
2025-11-04,gwm42-22-op,28.357,-0.455
2025-11-05,gwm42-22-op,28.351,-0.461
2025-11-06,gwm42-22-op,28.353,-0.459
2025-11-07,gwm42-22-op,28.355,-0.457
2025-11-08,gwm42-22-op,28.351,-0.461
2025-11-09,gwm42-22-op,28.346,-0.466
2025-11-10,gwm42-22-op,28.343,-0.469
2025-11-11,gwm42-22-op,28.341,-0.471
2025-11-12,gwm42-22-op,28.338,-0.474
2025-11-13,gwm42-22-op,28.336,-0.476
2025-11-14,gwm42-22-op,28.334,-0.478
2025-11-16,gwm42-22-op,28.328000000000003,-0.484
2025-11-17,gwm42-22-op,28.334,-0.478
2025-11-18,gwm42-22-op,28.326,-0.486
2025-11-19,gwm42-22-op,28.32,-0.492
2025-11-20,gwm42-22-op,28.328000000000003,-0.484
2025-11-21,gwm42-22-op,28.319000000000003,-0.493
2025-11-22,gwm42-22-op,28.308,-0.504
2025-11-23,gwm42-22-op,28.309,-0.503
2025-11-24,gwm42-22-op,28.321,-0.491
2025-11-25,gwm42-22-op,28.33,-0.482
2025-11-26,gwm42-22-op,28.314,-0.498
2025-11-27,gwm42-22-op,28.302,-0.51
2025-11-28,gwm42-22-op,28.303,-0.509
2025-11-29,gwm42-22-op,28.304,-0.508
2025-11-30,gwm42-22-op,28.302,-0.51
2025-12-01,gwm42-22-op,28.299,-0.513
2025-12-02,gwm42-22-op,28.295,-0.517
2025-12-03,gwm42-22-op,28.296,-0.516
2025-12-04,gwm42-22-op,28.293,-0.519
2025-12-05,gwm42-22-op,28.293,-0.519
2025-12-06,gwm42-22-op,28.288,-0.524
2025-12-07,gwm42-22-op,28.292,-0.52
2025-12-08,gwm42-22-op,28.284,-0.528
2025-12-09,gwm42-22-op,28.28,-0.532
2025-12-10,gwm42-22-op,28.278,-0.534
2025-12-11,gwm42-22-op,28.271,-0.541
2025-12-12,gwm42-22-op,28.269,-0.543
2025-12-13,gwm42-22-op,28.265,-0.547
2025-12-14,gwm42-22-op,28.263,-0.549
2025-12-15,gwm42-22-op,28.262,-0.55
2025-12-16,gwm42-22-op,28.261000000000003,-0.551
2025-12-17,gwm42-22-op,28.256,-0.556
2025-12-18,gwm42-22-op,28.252,-0.56
2025-12-19,gwm42-22-op,28.247,-0.565
2025-12-20,gwm42-22-op,28.245,-0.567
2025-12-21,gwm42-22-op,28.24,-0.572
2025-12-22,gwm42-22-op,28.237,-0.575
2025-12-23,gwm42-22-op,28.232,-0.58
2025-12-24,gwm42-22-op,28.225,-0.587
2025-12-25,gwm42-22-op,28.218,-0.594
2025-12-26,gwm42-22-op,28.216,-0.596
2025-12-27,gwm42-22-op,28.212,-0.6
2025-12-28,gwm42-22-op,28.214,-0.598
2025-12-29,gwm42-22-op,28.206000000000003,-0.606
2025-12-30,gwm42-22-op,28.207,-0.605
2025-12-31,gwm42-22-op,28.197000000000003,-0.615
2026-01-01,gwm42-22-op,28.202,-0.61
2026-01-02,gwm42-22-op,28.208,-0.604
2026-01-03,gwm42-22-op,28.196,-0.616
2026-01-04,gwm42-22-op,28.187,-0.625
2026-01-05,gwm42-22-op,28.18,-0.632
2026-01-06,gwm42-22-op,28.175,-0.637
2026-01-07,gwm42-22-op,28.171,-0.641
2026-01-08,gwm42-22-op,28.169,-0.643
2026-01-09,gwm42-22-op,28.165,-0.647
2026-01-10,gwm42-22-op,28.168,-0.644
2026-01-11,gwm42-22-op,28.154,-0.658
2026-01-12,gwm42-22-op,28.151,-0.661
2026-01-13,gwm42-22-op,28.155,-0.657
2026-01-14,gwm42-22-op,28.146,-0.666
2026-01-15,gwm42-22-op,28.143,-0.669
2026-01-16,gwm42-22-op,28.141,-0.671
2026-01-17,gwm42-22-op,28.136000000000003,-0.676
2026-01-18,gwm42-22-op,28.131,-0.681
2026-01-19,gwm42-22-op,28.130000000000003,-0.682
2026-01-20,gwm42-22-op,28.130000000000003,-0.682
2026-01-21,gwm42-22-op,28.127,-0.685
2026-01-22,gwm42-22-op,28.135,-0.677
2026-01-23,gwm42-22-op,28.131,-0.681
2026-01-24,gwm42-22-op,28.123,-0.689
2026-01-25,gwm42-22-op,28.121,-0.691
2026-01-26,gwm42-22-op,28.121,-0.691
2026-01-27,gwm42-22-op,28.121,-0.691
2026-01-28,gwm42-22-op,28.116,-0.696
2026-01-29,gwm42-22-op,28.115,-0.697
2026-01-30,gwm42-22-op,28.111,-0.701
2026-01-31,gwm42-22-op,28.11,-0.702
2026-02-01,gwm42-22-op,28.104,-0.708
2026-02-02,gwm42-22-op,28.104,-0.708
2026-02-03,gwm42-22-op,28.102,-0.71
2026-02-04,gwm42-22-op,28.103,-0.709
2026-02-05,gwm42-22-op,28.102,-0.71
2026-02-06,gwm42-22-op,28.108,-0.704
2026-02-07,gwm42-22-op,28.101,-0.711
2026-02-08,gwm42-22-op,28.095,-0.717
2026-02-09,gwm42-22-op,28.09,-0.722
2026-02-10,gwm42-22-op,28.094,-0.718
2026-02-11,gwm42-22-op,28.102,-0.71
2026-02-12,gwm42-22-op,28.108,-0.704
2026-02-13,gwm42-22-op,28.11,-0.702
2026-02-14,gwm42-22-op,28.089,-0.723
2026-02-15,gwm42-22-op,28.082,-0.73
2026-02-16,gwm42-22-op,28.083,-0.729
2026-02-17,gwm42-22-op,28.101,-0.711
2026-02-18,gwm42-22-op,28.088,-0.724
2026-02-19,gwm42-22-op,28.08,-0.732
2026-02-20,gwm42-22-op,28.084,-0.728
2026-02-21,gwm42-22-op,28.079,-0.733
2026-02-22,gwm42-22-op,28.085,-0.727
2026-02-23,gwm42-22-op,28.09,-0.722
2026-02-24,gwm42-22-op,28.092,-0.72
2026-02-25,gwm42-22-op,28.079,-0.733
2026-02-26,gwm42-22-op,28.079,-0.733
2026-02-27,gwm42-22-op,28.089,-0.723
2026-02-28,gwm42-22-op,28.092,-0.72
2026-03-01,gwm42-22-op,28.094,-0.718
2026-03-02,gwm42-22-op,28.088,-0.724
2026-03-03,gwm42-22-op,28.09,-0.722
2026-03-04,gwm42-22-op,28.092,-0.72
2026-03-05,gwm42-22-op,28.092,-0.72
2026-03-06,gwm42-22-op,28.097,-0.715
2026-03-07,gwm42-22-op,28.099,-0.713
2026-03-08,gwm42-22-op,28.098,-0.714
2026-03-09,gwm42-22-op,28.1,-0.712
2026-03-10,gwm42-22-op,28.107,-0.705
2026-03-11,gwm42-22-op,28.111,-0.701
2026-03-12,gwm42-22-op,28.112,-0.7
2026-03-13,gwm42-22-op,28.106,-0.706
2026-03-14,gwm42-22-op,28.12,-0.692
2026-03-15,gwm42-22-op,28.122,-0.69
2026-03-16,gwm42-22-op,28.107,-0.705
2026-03-17,gwm42-22-op,28.113,-0.699
2026-03-18,gwm42-22-op,28.102,-0.71
2026-03-19,gwm42-22-op,28.098,-0.714
2026-03-20,gwm42-22-op,28.104,-0.708
2026-03-21,gwm42-22-op,28.104,-0.708
2026-03-22,gwm42-22-op,28.102,-0.71
2026-03-23,gwm42-22-op,28.103,-0.709
2026-03-24,gwm42-22-op,28.099,-0.713
2026-03-25,gwm42-22-op,28.1,-0.712
2026-03-26,gwm42-22-op,28.112,-0.7
2026-03-27,gwm42-22-op,28.093,-0.719
2026-03-28,gwm42-22-op,28.085,-0.727
2026-03-29,gwm42-22-op,28.089,-0.723
2026-03-30,gwm42-22-op,28.08,-0.732
2026-03-31,gwm42-22-op,28.088,-0.724
2026-04-01,gwm42-22-op,28.076,-0.736
2026-04-02,gwm42-22-op,28.073,-0.739
2026-04-03,gwm42-22-op,28.078000000000003,-0.734
2026-04-04,gwm42-22-op,28.07,-0.742
2026-04-05,gwm42-22-op,28.066000000000003,-0.746
2026-04-06,gwm42-22-op,28.066000000000003,-0.746
2026-04-07,gwm42-22-op,28.058,-0.754
2026-04-08,gwm42-22-op,28.056,-0.756
2026-04-09,gwm42-22-op,28.054,-0.758
2026-04-10,gwm42-22-op,28.054,-0.758
2026-04-11,gwm42-22-op,28.051,-0.761
2026-04-12,gwm42-22-op,28.048,-0.764
2026-04-13,gwm42-22-op,28.044,-0.768
2026-04-14,gwm42-22-op,28.044,-0.768
2026-04-15,gwm42-22-op,28.037,-0.775
2026-04-16,gwm42-22-op,28.035,-0.777
2026-04-17,gwm42-22-op,28.033,-0.779
2026-04-18,gwm42-22-op,28.028,-0.784
2026-04-19,gwm42-22-op,28.029,-0.783
2026-04-20,gwm42-22-op,28.025,-0.787
2026-04-21,gwm42-22-op,28.022,-0.79
2026-04-22,gwm42-22-op,28.02,-0.792
2026-04-23,gwm42-22-op,28.02,-0.792
2026-04-24,gwm42-22-op,28.02,-0.792
2026-04-25,gwm42-22-op,28.02,-0.792
2026-04-26,gwm42-22-op,28.022,-0.79
2026-04-28,gwm42-22-op,28.014000000000003,-0.798
2026-04-29,gwm42-22-op,28.012,-0.8
2026-04-30,gwm42-22-op,28.009,-0.803
2026-05-01,gwm42-22-op,28.01,-0.802
2026-05-02,gwm42-22-op,28.012,-0.8
2026-05-03,gwm42-22-op,28.019,-0.793
2026-05-05,gwm42-22-op,28.022,-0.79
2026-05-06,gwm42-22-op,28.026,-0.786
2026-05-07,gwm42-22-op,28.027,-0.785
2026-05-08,gwm42-22-op,28.021,-0.791
2026-05-10,gwm42-22-op,28.024,-0.788
2026-05-12,gwm42-22-op,28.047,-0.765
2026-05-13,gwm42-22-op,28.041,-0.771
2026-05-15,gwm42-22-op,28.053,-0.759
2026-05-16,gwm42-22-op,28.052,-0.76
2026-05-17,gwm42-22-op,28.051,-0.761
2026-05-19,gwm42-22-op,28.058,-0.754
2026-05-20,gwm42-22-op,28.057,-0.755
2026-05-21,gwm42-22-op,28.266,-0.546
2026-05-22,gwm42-22-op,28.268,-0.544
2026-05-23,gwm42-22-op,28.272,-0.54
2026-05-24,gwm42-22-op,28.277,-0.535
2026-05-26,gwm42-22-op,28.283,-0.529
2026-05-27,gwm42-22-op,28.29,-0.522
2026-05-28,gwm42-22-op,28.294,-0.518
2026-05-29,gwm42-22-op,28.298,-0.514
2026-05-30,gwm42-22-op,28.302,-0.51
2026-05-31,gwm42-22-op,28.308,-0.504
2026-06-02,gwm42-22-op,28.318,-0.494
2026-06-03,gwm42-22-op,28.326,-0.486
2026-06-04,gwm42-22-op,28.33,-0.482
2026-06-05,gwm42-22-op,28.336,-0.476
2026-06-06,gwm42-22-op,28.336,-0.476
2026-06-07,gwm42-22-op,28.34,-0.472
2026-06-08,gwm42-22-op,28.343,-0.469
2026-06-09,gwm42-22-op,28.349,-0.463
2026-06-10,gwm42-22-op,28.355,-0.457
2026-06-11,gwm42-22-op,28.357,-0.455
2026-06-12,gwm42-22-op,28.359,-0.453
2026-06-13,gwm42-22-op,28.366,-0.446
2026-06-14,gwm42-22-op,28.371,-0.441
2026-06-16,gwm42-22-op,28.380000000000003,-0.432
2026-06-17,gwm42-22-op,28.384,-0.428
2026-06-18,gwm42-22-op,28.388,-0.424
2026-06-19,gwm42-22-op,28.391,-0.421
2026-06-20,gwm42-22-op,28.395,-0.417
2026-06-21,gwm42-22-op,28.399,-0.413
2026-06-23,gwm42-22-op,28.405,-0.407
2026-06-24,gwm42-22-op,28.409,-0.403
2026-06-25,gwm42-22-op,28.413,-0.399
2026-06-26,gwm42-22-op,28.418,-0.394
2026-06-27,gwm42-22-op,28.419,-0.393
2026-06-28,gwm42-22-op,28.424,-0.388
2026-06-30,gwm42-22-op,28.426,-0.386
2026-07-01,gwm42-22-op,28.43,-0.382
2026-07-02,gwm42-22-op,28.434,-0.378
2026-07-03,gwm42-22-op,28.438,-0.374
2026-07-04,gwm42-22-op,28.44,-0.372
2026-07-05,gwm42-22-op,28.442,-0.37
2026-07-07,gwm42-22-op,28.452,-0.36
2026-07-08,gwm42-22-op,28.456000000000003,-0.356
2026-07-09,gwm42-22-op,28.456000000000003,-0.356
2026-07-10,gwm42-22-op,28.459,-0.353
2026-07-11,gwm42-22-op,28.46,-0.352
2026-07-12,gwm42-22-op,28.464,-0.348
2026-07-13,gwm42-22-op,28.466,-0.346
2026-07-14,gwm42-22-op,28.467,-0.345
2026-07-15,gwm42-22-op,28.471,-0.341
2026-07-16,gwm42-22-op,28.473,-0.339
2026-07-17,gwm42-22-op,28.477,-0.335
2026-07-18,gwm42-22-op,28.484,-0.328
2026-07-19,gwm42-22-op,28.485,-0.327
2026-07-20,gwm42-22-op,28.487,-0.325
2026-07-21,gwm42-22-op,28.49,-0.322
2026-07-22,gwm42-22-op,28.491,-0.321
2026-07-23,gwm42-22-op,28.495,-0.317
2026-07-24,gwm42-22-op,28.498,-0.314
2026-07-25,gwm42-22-op,28.501,-0.311
2026-07-26,gwm42-22-op,28.509,-0.303
2026-07-27,gwm42-22-op,28.512,-0.3
2026-07-28,gwm42-22-op,28.506,-0.306
2026-07-29,gwm42-22-op,28.507,-0.305
2026-07-30,gwm42-22-op,28.515,-0.297
2026-07-31,gwm42-22-op,28.518,-0.294
2026-08-01,gwm42-22-op,28.522,-0.29
2026-08-02,gwm42-22-op,28.521,-0.291
2026-08-03,gwm42-22-op,28.523,-0.289
2026-08-04,gwm42-22-op,28.529,-0.283
2026-08-05,gwm42-22-op,28.532,-0.28
2026-08-06,gwm42-22-op,28.534,-0.278
2026-08-07,gwm42-22-op,28.533,-0.279
2026-08-08,gwm42-22-op,28.534,-0.278
2026-08-09,gwm42-22-op,28.536,-0.276
2026-08-10,gwm42-22-op,28.542,-0.27
2026-08-11,gwm42-22-op,28.542,-0.27
2026-08-12,gwm42-22-op,28.534,-0.278
2026-08-13,gwm42-22-op,28.533,-0.279
2026-08-14,gwm42-22-op,28.536,-0.276
2026-08-15,gwm42-22-op,28.544,-0.268
2026-08-16,gwm42-22-op,28.546,-0.266
2026-08-17,gwm42-22-op,28.542,-0.27
2026-08-18,gwm42-22-op,28.546,-0.266
2026-08-19,gwm42-22-op,28.546,-0.266
2026-08-20,gwm42-22-op,28.547,-0.265
2026-08-21,gwm42-22-op,28.542,-0.27
2026-08-22,gwm42-22-op,28.541,-0.271
2026-08-23,gwm42-22-op,28.535,-0.277
2026-08-24,gwm42-22-op,28.528,-0.284
2026-08-25,gwm42-22-op,28.526,-0.286
2026-08-26,gwm42-22-op,28.53,-0.282
2026-08-27,gwm42-22-op,28.525,-0.287
2026-08-28,gwm42-22-op,28.526,-0.286
2026-08-29,gwm42-22-op,28.529,-0.283
2026-08-30,gwm42-22-op,28.524,-0.288
2026-08-31,gwm42-22-op,28.522,-0.29
2026-09-01,gwm42-22-op,28.518,-0.294
2026-09-02,gwm42-22-op,28.508000000000003,-0.304
2026-09-03,gwm42-22-op,28.505000000000003,-0.307
2026-09-04,gwm42-22-op,28.507,-0.305
2026-09-05,gwm42-22-op,28.513,-0.299
2026-09-06,gwm42-22-op,28.498,-0.314
2026-09-07,gwm42-22-op,28.486,-0.326
2026-09-08,gwm42-22-op,28.489,-0.323
2026-09-09,gwm42-22-op,28.497,-0.315
2026-09-10,gwm42-22-op,28.485,-0.327
2026-09-11,gwm42-22-op,28.475,-0.337
2026-09-12,gwm42-22-op,28.474,-0.338
2026-09-13,gwm42-22-op,28.469,-0.343
2026-09-14,gwm42-22-op,28.468,-0.344
2026-09-15,gwm42-22-op,28.459,-0.353
2026-09-16,gwm42-22-op,28.465,-0.347
2026-09-17,gwm42-22-op,28.459,-0.353
2026-09-18,gwm42-22-op,28.458,-0.354
2026-09-19,gwm42-22-op,28.451,-0.361
2026-09-20,gwm42-22-op,28.446,-0.366
2026-09-21,gwm42-22-op,28.444000000000003,-0.368
2026-09-22,gwm42-22-op,28.436,-0.376
2025-03-01,gwm45-23-op,30.486,0.0
2025-03-02,gwm45-23-op,30.47,-0.016
2025-03-03,gwm45-23-op,30.472,-0.014
2025-03-05,gwm45-23-op,30.486,0.0
2025-03-06,gwm45-23-op,30.486,0.0
2025-03-07,gwm45-23-op,30.491,0.005
2025-03-08,gwm45-23-op,30.488,0.002
2025-03-09,gwm45-23-op,30.492999999999995,0.007
2025-03-10,gwm45-23-op,30.511,0.025
2025-03-11,gwm45-23-op,30.517,0.031
2025-03-12,gwm45-23-op,30.508,0.022
2025-03-13,gwm45-23-op,30.504999999999995,0.019
2025-03-14,gwm45-23-op,30.507,0.021
2025-03-15,gwm45-23-op,30.478,-0.008
2025-03-16,gwm45-23-op,30.453,-0.033
2025-03-17,gwm45-23-op,30.46,-0.026
2025-03-18,gwm45-23-op,30.437,-0.049
2025-03-19,gwm45-23-op,30.440999999999995,-0.045
2025-03-20,gwm45-23-op,30.452,-0.034
2025-03-21,gwm45-23-op,30.458,-0.028
2025-03-22,gwm45-23-op,30.458,-0.028
2025-03-23,gwm45-23-op,30.469,-0.017
2025-03-24,gwm45-23-op,30.472,-0.014
2025-03-25,gwm45-23-op,30.453,-0.033
2025-03-26,gwm45-23-op,30.443,-0.043
2025-03-27,gwm45-23-op,30.437999999999995,-0.048
2025-03-28,gwm45-23-op,30.436,-0.05
2025-03-29,gwm45-23-op,30.458,-0.028
2025-03-30,gwm45-23-op,30.445,-0.041
2025-03-31,gwm45-23-op,30.462,-0.024
2025-04-01,gwm45-23-op,30.425,-0.061
2025-04-02,gwm45-23-op,30.421,-0.065
2025-04-03,gwm45-23-op,30.425,-0.061
2025-04-04,gwm45-23-op,30.422999999999995,-0.063
2025-04-05,gwm45-23-op,30.439,-0.047
2025-04-06,gwm45-23-op,30.434,-0.052
2025-04-07,gwm45-23-op,30.422999999999995,-0.063
2025-04-08,gwm45-23-op,30.422999999999995,-0.063
2025-04-09,gwm45-23-op,30.417,-0.069
2025-04-10,gwm45-23-op,30.431,-0.055
2025-04-11,gwm45-23-op,30.422999999999995,-0.063
2025-04-12,gwm45-23-op,30.434999999999995,-0.051
2025-04-13,gwm45-23-op,30.437,-0.049
2025-04-14,gwm45-23-op,30.451,-0.035
2025-04-15,gwm45-23-op,30.428999999999995,-0.057
2025-04-16,gwm45-23-op,30.446,-0.04
2025-04-17,gwm45-23-op,30.425999999999995,-0.06
2025-04-18,gwm45-23-op,30.431,-0.055
2025-04-19,gwm45-23-op,30.416,-0.07
2025-04-20,gwm45-23-op,30.419,-0.067
2025-04-21,gwm45-23-op,30.43,-0.056
2025-04-22,gwm45-23-op,30.414,-0.072
2025-04-23,gwm45-23-op,30.407,-0.079
2025-04-24,gwm45-23-op,30.413,-0.073
2025-04-25,gwm45-23-op,30.415,-0.071
2025-04-26,gwm45-23-op,30.405,-0.081
2025-04-27,gwm45-23-op,30.398,-0.088
2025-04-28,gwm45-23-op,30.398,-0.088
2025-04-29,gwm45-23-op,30.402,-0.084
2025-04-30,gwm45-23-op,30.401,-0.085
2025-05-01,gwm45-23-op,30.405,-0.081
2025-05-02,gwm45-23-op,30.407,-0.079
2025-05-03,gwm45-23-op,30.42,-0.066
2025-05-04,gwm45-23-op,30.424,-0.062
2025-05-05,gwm45-23-op,30.411,-0.075
2025-05-06,gwm45-23-op,30.394,-0.092
2025-05-07,gwm45-23-op,30.399,-0.087
2025-05-08,gwm45-23-op,30.39,-0.096
2025-05-09,gwm45-23-op,30.389,-0.097
2025-05-10,gwm45-23-op,30.386,-0.1
2025-05-11,gwm45-23-op,30.382,-0.104
2025-05-12,gwm45-23-op,30.385,-0.101
2025-05-13,gwm45-23-op,30.381,-0.105
2025-05-14,gwm45-23-op,30.378,-0.108
2025-05-15,gwm45-23-op,30.39,-0.096
2025-05-16,gwm45-23-op,30.369,-0.117
2025-05-17,gwm45-23-op,30.373999999999995,-0.112
2025-05-18,gwm45-23-op,30.372,-0.114
2025-05-19,gwm45-23-op,30.367999999999995,-0.118
2025-05-20,gwm45-23-op,30.357,-0.129
2025-05-21,gwm45-23-op,30.366,-0.12
2025-05-22,gwm45-23-op,30.37,-0.116
2025-05-23,gwm45-23-op,30.36,-0.126
2025-05-24,gwm45-23-op,30.351,-0.135
2025-05-25,gwm45-23-op,30.348,-0.138
2025-05-26,gwm45-23-op,30.356,-0.13
2025-05-27,gwm45-23-op,30.344,-0.142
2025-05-28,gwm45-23-op,30.344,-0.142
2025-05-29,gwm45-23-op,30.352,-0.134
2025-05-30,gwm45-23-op,30.335,-0.151
2025-05-31,gwm45-23-op,30.338,-0.148
2025-06-01,gwm45-23-op,30.336,-0.15
2025-06-02,gwm45-23-op,30.348,-0.138
2025-06-03,gwm45-23-op,30.335,-0.151
2025-06-04,gwm45-23-op,30.338,-0.148
2025-06-05,gwm45-23-op,30.34,-0.146
2025-06-06,gwm45-23-op,30.329,-0.157
2025-06-07,gwm45-23-op,30.329,-0.157
2025-06-08,gwm45-23-op,30.328,-0.158
2025-06-09,gwm45-23-op,30.328,-0.158
2025-06-10,gwm45-23-op,30.312,-0.174
2025-06-11,gwm45-23-op,30.338,-0.148
2025-06-12,gwm45-23-op,30.314,-0.172
2025-06-13,gwm45-23-op,30.312999999999995,-0.173
2025-06-14,gwm45-23-op,30.309,-0.177
2025-06-15,gwm45-23-op,30.318,-0.168
2025-06-16,gwm45-23-op,30.319,-0.167
2025-06-17,gwm45-23-op,30.3,-0.186
2025-06-18,gwm45-23-op,30.302,-0.184
2025-06-19,gwm45-23-op,30.3,-0.186
2025-06-20,gwm45-23-op,30.292,-0.194
2025-06-21,gwm45-23-op,30.291,-0.195
2025-06-22,gwm45-23-op,30.294,-0.192
2025-06-23,gwm45-23-op,30.3,-0.186
2025-06-24,gwm45-23-op,30.306999999999995,-0.179
2025-06-25,gwm45-23-op,30.286,-0.2
2025-06-26,gwm45-23-op,30.28,-0.206
2025-06-27,gwm45-23-op,30.287,-0.199
2025-06-28,gwm45-23-op,30.265,-0.221
2025-06-29,gwm45-23-op,30.269,-0.217
2025-06-30,gwm45-23-op,30.262,-0.224
2025-07-01,gwm45-23-op,30.26,-0.226
2025-07-02,gwm45-23-op,30.259,-0.227
2025-07-03,gwm45-23-op,30.256,-0.23
2025-07-04,gwm45-23-op,30.239999999999995,-0.246
2025-07-05,gwm45-23-op,30.239,-0.247
2025-07-06,gwm45-23-op,30.257,-0.229
2025-07-07,gwm45-23-op,30.254999999999995,-0.231
2025-07-08,gwm45-23-op,30.251999999999995,-0.234
2025-07-09,gwm45-23-op,30.23,-0.256
2025-07-10,gwm45-23-op,30.223,-0.263
2025-07-11,gwm45-23-op,30.22,-0.266
2025-07-12,gwm45-23-op,30.23,-0.256
2025-07-13,gwm45-23-op,30.238,-0.248
2025-07-14,gwm45-23-op,30.233,-0.253
2025-07-15,gwm45-23-op,30.228,-0.258
2025-07-16,gwm45-23-op,30.225,-0.261
2025-07-17,gwm45-23-op,30.239999999999995,-0.246
2025-07-18,gwm45-23-op,30.239999999999995,-0.246
2025-07-19,gwm45-23-op,30.242,-0.244
2025-07-20,gwm45-23-op,30.254999999999995,-0.231
2025-07-21,gwm45-23-op,30.264,-0.222
2025-07-22,gwm45-23-op,30.264,-0.222
2025-07-23,gwm45-23-op,30.27,-0.216
2025-07-24,gwm45-23-op,30.284,-0.202
2025-07-25,gwm45-23-op,30.289,-0.197
2025-07-26,gwm45-23-op,30.297,-0.189
2025-07-27,gwm45-23-op,30.305,-0.181
2025-07-28,gwm45-23-op,30.319,-0.167
2025-07-29,gwm45-23-op,30.322,-0.164
2025-07-30,gwm45-23-op,30.324,-0.162
2025-07-31,gwm45-23-op,30.327,-0.159
2025-08-01,gwm45-23-op,30.332,-0.154
2025-08-02,gwm45-23-op,30.338,-0.148
2025-08-03,gwm45-23-op,30.337,-0.149
2025-08-04,gwm45-23-op,30.332,-0.154
2025-08-05,gwm45-23-op,30.336,-0.15
2025-08-06,gwm45-23-op,30.337,-0.149
2025-08-08,gwm45-23-op,30.342,-0.144
2025-08-10,gwm45-23-op,30.339,-0.147
2025-08-11,gwm45-23-op,30.322,-0.164
2025-08-13,gwm45-23-op,30.332,-0.154
2025-08-14,gwm45-23-op,30.332,-0.154
2025-08-15,gwm45-23-op,30.322,-0.164
2025-08-16,gwm45-23-op,30.319,-0.167
2025-08-17,gwm45-23-op,30.309999999999995,-0.176
2025-08-18,gwm45-23-op,30.308,-0.178
2025-08-20,gwm45-23-op,30.309999999999995,-0.176
2025-08-22,gwm45-23-op,30.305,-0.181
2025-08-23,gwm45-23-op,30.287,-0.199
2025-08-24,gwm45-23-op,30.287,-0.199
2025-08-25,gwm45-23-op,30.277,-0.209
2025-08-26,gwm45-23-op,30.277,-0.209
2025-08-27,gwm45-23-op,30.28,-0.206
2025-08-28,gwm45-23-op,30.282,-0.204
2025-08-29,gwm45-23-op,30.282,-0.204
2025-08-30,gwm45-23-op,30.284,-0.202
2025-08-31,gwm45-23-op,30.272,-0.214
2025-09-01,gwm45-23-op,30.267,-0.219
2025-09-02,gwm45-23-op,30.271,-0.215
2025-09-03,gwm45-23-op,30.266,-0.22
2025-09-04,gwm45-23-op,30.266,-0.22
2025-09-05,gwm45-23-op,30.26,-0.226
2025-09-06,gwm45-23-op,30.247,-0.239
2025-09-07,gwm45-23-op,30.242,-0.244
2025-09-08,gwm45-23-op,30.25,-0.236
2025-09-09,gwm45-23-op,30.257,-0.229
2025-09-10,gwm45-23-op,30.26,-0.226
2025-09-11,gwm45-23-op,30.265,-0.221
2025-09-12,gwm45-23-op,30.265,-0.221
2025-09-13,gwm45-23-op,30.242,-0.244
2025-09-14,gwm45-23-op,30.245999999999995,-0.24
2025-09-15,gwm45-23-op,30.253,-0.233
2025-09-16,gwm45-23-op,30.263,-0.223
2025-09-17,gwm45-23-op,30.251,-0.235
2025-09-18,gwm45-23-op,30.236999999999995,-0.249
2025-09-19,gwm45-23-op,30.236999999999995,-0.249
2025-09-20,gwm45-23-op,30.232,-0.254
2025-09-21,gwm45-23-op,30.253,-0.233
2025-09-22,gwm45-23-op,30.25,-0.236
2025-09-23,gwm45-23-op,30.225,-0.261
2025-09-24,gwm45-23-op,30.224,-0.262
2025-09-25,gwm45-23-op,30.22,-0.266
2025-09-26,gwm45-23-op,30.219,-0.267
2025-09-27,gwm45-23-op,30.218,-0.268
2025-09-28,gwm45-23-op,30.217,-0.269
2025-09-29,gwm45-23-op,30.215,-0.271
2025-09-30,gwm45-23-op,30.212,-0.274
2025-10-01,gwm45-23-op,30.203,-0.283
2025-10-02,gwm45-23-op,30.198,-0.288
2025-10-03,gwm45-23-op,30.204,-0.282
2025-10-04,gwm45-23-op,30.214,-0.272
2025-10-05,gwm45-23-op,30.258,-0.228
2025-10-06,gwm45-23-op,30.224,-0.262
2025-10-07,gwm45-23-op,30.202,-0.284
2025-10-08,gwm45-23-op,30.193,-0.293
2025-10-09,gwm45-23-op,30.202,-0.284
2025-10-10,gwm45-23-op,30.195,-0.291
2025-10-11,gwm45-23-op,30.187999999999995,-0.298
2025-10-12,gwm45-23-op,30.189,-0.297
2025-10-13,gwm45-23-op,30.2,-0.286
2025-10-14,gwm45-23-op,30.197,-0.289
2025-10-15,gwm45-23-op,30.206,-0.28
2025-10-16,gwm45-23-op,30.202,-0.284
2025-10-17,gwm45-23-op,30.212,-0.274
2025-10-18,gwm45-23-op,30.21,-0.276
2025-10-19,gwm45-23-op,30.192,-0.294
2025-10-20,gwm45-23-op,30.213,-0.273
2025-10-21,gwm45-23-op,30.235,-0.251
2025-10-22,gwm45-23-op,30.241,-0.245
2025-10-23,gwm45-23-op,30.232,-0.254
2025-10-24,gwm45-23-op,30.259,-0.227
2025-10-25,gwm45-23-op,30.222,-0.264
2025-10-26,gwm45-23-op,30.231,-0.255
2025-10-27,gwm45-23-op,30.235,-0.251
2025-10-28,gwm45-23-op,30.231,-0.255
2025-10-29,gwm45-23-op,30.218,-0.268
2025-10-30,gwm45-23-op,30.202,-0.284
2025-10-31,gwm45-23-op,30.2,-0.286
2025-11-01,gwm45-23-op,30.194,-0.292
2025-11-02,gwm45-23-op,30.207,-0.279
2025-11-03,gwm45-23-op,30.207,-0.279
2025-11-04,gwm45-23-op,30.192,-0.294
2025-11-05,gwm45-23-op,30.19,-0.296
2025-11-06,gwm45-23-op,30.2,-0.286
2025-11-07,gwm45-23-op,30.213,-0.273
2025-11-08,gwm45-23-op,30.214,-0.272
2025-11-09,gwm45-23-op,30.207,-0.279
2025-11-10,gwm45-23-op,30.206,-0.28
2025-11-11,gwm45-23-op,30.181999999999995,-0.304
2025-11-12,gwm45-23-op,30.145,-0.341
2025-11-13,gwm45-23-op,30.171,-0.315
2025-11-15,gwm45-23-op,30.194,-0.292
2025-11-16,gwm45-23-op,30.187,-0.299
2025-11-17,gwm45-23-op,30.212,-0.274
2025-11-18,gwm45-23-op,30.208,-0.278
2025-11-19,gwm45-23-op,30.2,-0.286
2025-11-20,gwm45-23-op,30.22,-0.266
2025-11-21,gwm45-23-op,30.219,-0.267
2025-11-22,gwm45-23-op,30.192,-0.294
2025-11-23,gwm45-23-op,30.194,-0.292
2025-11-24,gwm45-23-op,30.222,-0.264
2025-11-25,gwm45-23-op,30.244,-0.242
2025-11-26,gwm45-23-op,30.228,-0.258
2025-11-27,gwm45-23-op,30.21,-0.276
2025-11-28,gwm45-23-op,30.21,-0.276
2025-11-29,gwm45-23-op,30.219,-0.267
2025-11-30,gwm45-23-op,30.225,-0.261
2025-12-01,gwm45-23-op,30.228,-0.258
2025-12-02,gwm45-23-op,30.217,-0.269
2025-12-03,gwm45-23-op,30.226,-0.26
2025-12-04,gwm45-23-op,30.226,-0.26
2025-12-05,gwm45-23-op,30.233,-0.253
2025-12-06,gwm45-23-op,30.229,-0.257
2025-12-07,gwm45-23-op,30.236,-0.25
2025-12-08,gwm45-23-op,30.228,-0.258
2025-12-09,gwm45-23-op,30.222,-0.264
2025-12-10,gwm45-23-op,30.223,-0.263
2025-12-11,gwm45-23-op,30.217,-0.269
2025-12-12,gwm45-23-op,30.214,-0.272
2025-12-13,gwm45-23-op,30.214,-0.272
2025-12-14,gwm45-23-op,30.216,-0.27
2025-12-15,gwm45-23-op,30.221,-0.265
2025-12-16,gwm45-23-op,30.236999999999995,-0.249
2025-12-17,gwm45-23-op,30.236,-0.25
2025-12-18,gwm45-23-op,30.236,-0.25
2025-12-19,gwm45-23-op,30.233,-0.253
2025-12-20,gwm45-23-op,30.236999999999995,-0.249
2025-12-21,gwm45-23-op,30.233999999999995,-0.252
2025-12-22,gwm45-23-op,30.235,-0.251
2025-12-23,gwm45-23-op,30.233999999999995,-0.252
2025-12-24,gwm45-23-op,30.221,-0.265
2025-12-25,gwm45-23-op,30.203,-0.283
2025-12-26,gwm45-23-op,30.205,-0.281
2025-12-27,gwm45-23-op,30.211,-0.275
2025-12-28,gwm45-23-op,30.228,-0.258
2025-12-29,gwm45-23-op,30.216,-0.27
2025-12-30,gwm45-23-op,30.238,-0.248
2025-12-31,gwm45-23-op,30.224,-0.262
2026-01-01,gwm45-23-op,30.241,-0.245
2026-01-02,gwm45-23-op,30.264,-0.222
2026-01-03,gwm45-23-op,30.262,-0.224
2026-01-04,gwm45-23-op,30.245999999999995,-0.24
2026-01-05,gwm45-23-op,30.227,-0.259
2026-01-06,gwm45-23-op,30.214,-0.272
2026-01-07,gwm45-23-op,30.209,-0.277
2026-01-08,gwm45-23-op,30.214,-0.272
2026-01-09,gwm45-23-op,30.217,-0.269
2026-01-10,gwm45-23-op,30.236,-0.25
2026-01-11,gwm45-23-op,30.203,-0.283
2026-01-12,gwm45-23-op,30.184999999999995,-0.301
2026-01-13,gwm45-23-op,30.211,-0.275
2026-01-14,gwm45-23-op,30.202,-0.284
2026-01-15,gwm45-23-op,30.202,-0.284
2026-01-16,gwm45-23-op,30.204,-0.282
2026-01-17,gwm45-23-op,30.197,-0.289
2026-01-18,gwm45-23-op,30.187,-0.299
2026-01-19,gwm45-23-op,30.192,-0.294
2026-01-20,gwm45-23-op,30.2,-0.286
2026-01-21,gwm45-23-op,30.21,-0.276
2026-01-22,gwm45-23-op,30.233,-0.253
2026-01-23,gwm45-23-op,30.238,-0.248
2026-01-24,gwm45-23-op,30.227,-0.259
2026-01-25,gwm45-23-op,30.218,-0.268
2026-01-26,gwm45-23-op,30.221,-0.265
2026-01-27,gwm45-23-op,30.229,-0.257
2026-01-28,gwm45-23-op,30.216,-0.27
2026-01-29,gwm45-23-op,30.216,-0.27
2026-01-30,gwm45-23-op,30.206,-0.28
2026-01-31,gwm45-23-op,30.201,-0.285
2026-02-01,gwm45-23-op,30.184,-0.302
2026-02-02,gwm45-23-op,30.181,-0.305
2026-02-03,gwm45-23-op,30.187999999999995,-0.298
2026-02-04,gwm45-23-op,30.190999999999995,-0.295
2026-02-05,gwm45-23-op,30.195,-0.291
2026-02-06,gwm45-23-op,30.21,-0.276
2026-02-07,gwm45-23-op,30.203,-0.283
2026-02-08,gwm45-23-op,30.178999999999995,-0.307
2026-02-09,gwm45-23-op,30.17,-0.316
2026-02-10,gwm45-23-op,30.175999999999995,-0.31
2026-02-11,gwm45-23-op,30.203,-0.283
2026-02-12,gwm45-23-op,30.223,-0.263
2026-02-13,gwm45-23-op,30.231,-0.255
2026-02-14,gwm45-23-op,30.202,-0.284
2026-02-15,gwm45-23-op,30.178999999999995,-0.307
2026-02-16,gwm45-23-op,30.183,-0.303
2026-02-17,gwm45-23-op,30.227,-0.259
2026-02-18,gwm45-23-op,30.214,-0.272
2026-02-19,gwm45-23-op,30.2,-0.286
2026-02-20,gwm45-23-op,30.208,-0.278
2026-02-21,gwm45-23-op,30.19,-0.296
2026-02-22,gwm45-23-op,30.208,-0.278
2026-02-23,gwm45-23-op,30.222,-0.264
2026-02-24,gwm45-23-op,30.228,-0.258
2026-02-25,gwm45-23-op,30.216,-0.27
2026-02-26,gwm45-23-op,30.225,-0.261
2026-02-27,gwm45-23-op,30.247,-0.239
2026-02-28,gwm45-23-op,30.261,-0.225
2026-03-01,gwm45-23-op,30.268,-0.218
2026-03-02,gwm45-23-op,30.267,-0.219
2026-03-03,gwm45-23-op,30.274,-0.212
2026-03-04,gwm45-23-op,30.277,-0.209
2026-03-05,gwm45-23-op,30.279,-0.207
2026-03-06,gwm45-23-op,30.286,-0.2
2026-03-07,gwm45-23-op,30.29,-0.196
2026-03-08,gwm45-23-op,30.289,-0.197
2026-03-09,gwm45-23-op,30.289,-0.197
2026-03-10,gwm45-23-op,30.3,-0.186
2026-03-11,gwm45-23-op,30.302,-0.184
2026-03-12,gwm45-23-op,30.308,-0.178
2026-03-13,gwm45-23-op,30.294,-0.192
2026-03-14,gwm45-23-op,30.317,-0.169
2026-03-15,gwm45-23-op,30.317,-0.169
2026-03-16,gwm45-23-op,30.287,-0.199
2026-03-17,gwm45-23-op,30.297999999999995,-0.188
2026-03-18,gwm45-23-op,30.275,-0.211
2026-03-19,gwm45-23-op,30.27,-0.216
2026-03-20,gwm45-23-op,30.286,-0.2
2026-03-21,gwm45-23-op,30.292,-0.194
2026-03-22,gwm45-23-op,30.294,-0.192
2026-03-23,gwm45-23-op,30.296,-0.19
2026-03-24,gwm45-23-op,30.295,-0.191
2026-03-25,gwm45-23-op,30.302,-0.184
2026-03-26,gwm45-23-op,30.322,-0.164
2026-03-27,gwm45-23-op,30.300999999999995,-0.185
2026-03-28,gwm45-23-op,30.287,-0.199
2026-03-29,gwm45-23-op,30.303999999999995,-0.182
2026-03-30,gwm45-23-op,30.284,-0.202
2026-03-31,gwm45-23-op,30.309999999999995,-0.176
2026-04-01,gwm45-23-op,30.292,-0.194
2026-04-03,gwm45-23-op,30.311,-0.175
2026-04-04,gwm45-23-op,30.306999999999995,-0.179
2026-04-05,gwm45-23-op,30.300999999999995,-0.185
2026-04-06,gwm45-23-op,30.312999999999995,-0.173
2026-04-07,gwm45-23-op,30.291,-0.195
2026-04-08,gwm45-23-op,30.291,-0.195
2026-04-09,gwm45-23-op,30.289,-0.197
2026-04-10,gwm45-23-op,30.299,-0.187
2026-04-11,gwm45-23-op,30.305,-0.181
2026-04-12,gwm45-23-op,30.303999999999995,-0.182
2026-04-13,gwm45-23-op,30.3,-0.186
2026-04-14,gwm45-23-op,30.306999999999995,-0.179
2026-04-15,gwm45-23-op,30.292,-0.194
2026-04-16,gwm45-23-op,30.289,-0.197
2026-04-17,gwm45-23-op,30.292,-0.194
2026-04-18,gwm45-23-op,30.287,-0.199
2026-04-19,gwm45-23-op,30.294,-0.192
2026-04-20,gwm45-23-op,30.305,-0.181
2026-04-21,gwm45-23-op,30.309,-0.177
2026-04-22,gwm45-23-op,30.311,-0.175
2026-04-23,gwm45-23-op,30.321,-0.165
2026-04-24,gwm45-23-op,30.33,-0.156
2026-04-25,gwm45-23-op,30.338,-0.148
2026-04-26,gwm45-23-op,30.346,-0.14
2026-04-28,gwm45-23-op,30.338,-0.148
2026-04-29,gwm45-23-op,30.336,-0.15
2026-04-30,gwm45-23-op,30.33,-0.156
2026-05-01,gwm45-23-op,30.335,-0.151
2026-05-02,gwm45-23-op,30.342,-0.144
2026-05-03,gwm45-23-op,30.354,-0.132
2026-05-05,gwm45-23-op,30.332,-0.154
2026-05-06,gwm45-23-op,30.34,-0.146
2026-05-07,gwm45-23-op,30.338,-0.148
2026-05-08,gwm45-23-op,30.328,-0.158
2026-05-09,gwm45-23-op,30.324,-0.162
2026-05-10,gwm45-23-op,30.326,-0.16
2026-05-12,gwm45-23-op,30.358,-0.128
2026-05-13,gwm45-23-op,30.34,-0.146
2026-05-14,gwm45-23-op,30.37,-0.116
2026-05-15,gwm45-23-op,30.370999999999995,-0.115
2026-05-16,gwm45-23-op,30.364,-0.122
2026-05-17,gwm45-23-op,30.348,-0.138
2026-05-19,gwm45-23-op,30.34,-0.146
2026-05-20,gwm45-23-op,30.332,-0.154
2026-05-21,gwm45-23-op,30.328,-0.158
2026-05-22,gwm45-23-op,30.32,-0.166
2026-05-23,gwm45-23-op,30.317,-0.169
2026-05-24,gwm45-23-op,30.321,-0.165
2026-05-26,gwm45-23-op,30.312,-0.174
2026-05-27,gwm45-23-op,30.326,-0.16
2026-05-28,gwm45-23-op,30.322,-0.164
2026-05-29,gwm45-23-op,30.314,-0.172
2026-05-30,gwm45-23-op,30.317,-0.169
2026-05-31,gwm45-23-op,30.32,-0.166
2026-06-02,gwm45-23-op,30.317,-0.169
2026-06-03,gwm45-23-op,30.333,-0.153
2026-06-04,gwm45-23-op,30.325,-0.161
2026-06-05,gwm45-23-op,30.332,-0.154
2026-06-06,gwm45-23-op,30.309999999999995,-0.176
2026-06-07,gwm45-23-op,30.306999999999995,-0.179
2026-06-08,gwm45-23-op,30.297,-0.189
2026-06-09,gwm45-23-op,30.311,-0.175
2026-06-10,gwm45-23-op,30.312999999999995,-0.173
2026-06-11,gwm45-23-op,30.306,-0.18
2026-06-12,gwm45-23-op,30.297,-0.189
2026-06-13,gwm45-23-op,30.3,-0.186
2026-06-14,gwm45-23-op,30.309999999999995,-0.176
2026-06-16,gwm45-23-op,30.306,-0.18
2026-06-17,gwm45-23-op,30.295,-0.191
2026-06-18,gwm45-23-op,30.286,-0.2
2026-06-19,gwm45-23-op,30.283,-0.203
2026-06-20,gwm45-23-op,30.284,-0.202
2026-06-21,gwm45-23-op,30.272,-0.214
2026-06-23,gwm45-23-op,30.275,-0.211
2026-06-24,gwm45-23-op,30.284,-0.202
2026-06-25,gwm45-23-op,30.285,-0.201
2026-06-26,gwm45-23-op,30.282,-0.204
2026-06-27,gwm45-23-op,30.273,-0.213
2026-06-28,gwm45-23-op,30.271,-0.215
2026-06-30,gwm45-23-op,30.253,-0.233
2026-07-01,gwm45-23-op,30.259,-0.227
2026-07-02,gwm45-23-op,30.257,-0.229
2026-07-03,gwm45-23-op,30.261,-0.225
2026-07-04,gwm45-23-op,30.244,-0.242
2026-07-05,gwm45-23-op,30.242,-0.244
2026-07-07,gwm45-23-op,30.254999999999995,-0.231
2026-07-08,gwm45-23-op,30.263,-0.223
2026-07-09,gwm45-23-op,30.241,-0.245
2026-07-10,gwm45-23-op,30.238,-0.248
2026-07-11,gwm45-23-op,30.233,-0.253
2026-07-12,gwm45-23-op,30.227,-0.259
2026-07-13,gwm45-23-op,30.223,-0.263
2026-07-14,gwm45-23-op,30.22,-0.266
2026-07-15,gwm45-23-op,30.215,-0.271
2026-07-16,gwm45-23-op,30.209,-0.277
2026-07-17,gwm45-23-op,30.21,-0.276
2026-07-18,gwm45-23-op,30.221,-0.265
2026-07-19,gwm45-23-op,30.206,-0.28
2026-07-20,gwm45-23-op,30.199,-0.287
2026-07-21,gwm45-23-op,30.193,-0.293
2026-07-22,gwm45-23-op,30.190999999999995,-0.295
2026-07-23,gwm45-23-op,30.196,-0.29
2026-07-24,gwm45-23-op,30.184999999999995,-0.301
2026-07-25,gwm45-23-op,30.189,-0.297
2026-07-26,gwm45-23-op,30.205,-0.281
2026-07-27,gwm45-23-op,30.198,-0.288
2026-07-28,gwm45-23-op,30.177,-0.309
2026-07-29,gwm45-23-op,30.168,-0.318
2026-07-30,gwm45-23-op,30.175999999999995,-0.31
2026-07-31,gwm45-23-op,30.184,-0.302
2026-08-01,gwm45-23-op,30.177,-0.309
2026-08-02,gwm45-23-op,30.165,-0.321
2026-08-03,gwm45-23-op,30.166,-0.32
2026-08-04,gwm45-23-op,30.178999999999995,-0.307
2026-08-05,gwm45-23-op,30.18,-0.306
2026-08-06,gwm45-23-op,30.178,-0.308
2026-08-07,gwm45-23-op,30.169,-0.317
2026-08-08,gwm45-23-op,30.162,-0.324
2026-08-09,gwm45-23-op,30.164,-0.322
2026-08-10,gwm45-23-op,30.181999999999995,-0.304
2026-08-11,gwm45-23-op,30.178999999999995,-0.307
2026-08-12,gwm45-23-op,30.155,-0.331
2026-08-13,gwm45-23-op,30.153,-0.333
2026-08-14,gwm45-23-op,30.154,-0.332
2026-08-15,gwm45-23-op,30.166,-0.32
2026-08-16,gwm45-23-op,30.168,-0.318
2026-08-17,gwm45-23-op,30.153,-0.333
2026-08-18,gwm45-23-op,30.163,-0.323
2026-08-19,gwm45-23-op,30.17,-0.316
2026-08-20,gwm45-23-op,30.175,-0.311
2026-08-21,gwm45-23-op,30.164,-0.322
2026-08-22,gwm45-23-op,30.162,-0.324
2026-08-23,gwm45-23-op,30.151,-0.335
2026-08-24,gwm45-23-op,30.145,-0.341
2026-08-25,gwm45-23-op,30.143,-0.343
2026-08-26,gwm45-23-op,30.154,-0.332
2026-08-27,gwm45-23-op,30.143,-0.343
2026-08-28,gwm45-23-op,30.149,-0.337
2026-08-29,gwm45-23-op,30.154,-0.332
2026-08-30,gwm45-23-op,30.145,-0.341
2026-08-31,gwm45-23-op,30.141,-0.345
2026-09-01,gwm45-23-op,30.14,-0.346
2026-09-02,gwm45-23-op,30.131,-0.355
2026-09-03,gwm45-23-op,30.129,-0.357
2026-09-04,gwm45-23-op,30.138,-0.348
2026-09-05,gwm45-23-op,30.152,-0.334
2026-09-06,gwm45-23-op,30.126,-0.36
2026-09-07,gwm45-23-op,30.114999999999995,-0.371
2026-09-08,gwm45-23-op,30.129,-0.357
2026-09-09,gwm45-23-op,30.148,-0.338
2026-09-10,gwm45-23-op,30.131,-0.355
2026-09-11,gwm45-23-op,30.111,-0.375
2026-09-12,gwm45-23-op,30.113,-0.373
2026-09-13,gwm45-23-op,30.11,-0.376
2026-09-14,gwm45-23-op,30.114999999999995,-0.371
2026-09-15,gwm45-23-op,30.103,-0.383
2026-09-16,gwm45-23-op,30.119,-0.367
2026-09-17,gwm45-23-op,30.119,-0.367
2026-09-18,gwm45-23-op,30.120999999999995,-0.365
2026-09-19,gwm45-23-op,30.114999999999995,-0.371
2026-09-20,gwm45-23-op,30.105,-0.381
2026-09-21,gwm45-23-op,30.111,-0.375
2026-09-22,gwm45-23-op,30.099,-0.387
